OrderID,Date,Product,Category,Region,UnitPrice,Quantity,Revenue,Profit,Cost
ORD12231,2024-01-01,USB-C Hub,Accessories,North,37.89,3,113.67,53.51,60.16
ORD10346,2024-01-01,Laptop Stand,Accessories,South,30.41,3,91.23,37.04,54.19
ORD12933,2024-01-01,Webcam HD,Peripherals,East,57.31,1,57.31,20.11,37.2
ORD10066,2024-01-01,Noise Cancelling Headphones,Audio,East,81.38,2,162.76,63.84,98.92
ORD10077,2024-01-01,Smartwatch,Wearables,South,152.74,2,305.48,130.24,175.24
ORD12136,2024-01-01,USB-C Hub,Accessories,West,25.1,1,25.1,10.54,14.56
ORD10188,2024-01-02,Webcam HD,Peripherals,West,55.89,1,55.89,19.56,36.33
ORD11092,2024-01-02,External SSD 1TB,Storage,East,107.83,1,107.83,21.28,86.55
ORD12425,2024-01-02,Smartwatch,Wearables,North,153.0,2,306.0,147.04,158.96
ORD11999,2024-01-02,Wireless Mouse,Accessories,East,28.44,2,56.88,24.91,31.97
ORD11959,2024-01-02,Mechanical Keyboard,Accessories,South,42.73,2,85.46,34.29,51.17
ORD10847,2024-01-02,Wireless Mouse,Accessories,Central,26.21,3,78.63,32.62,46.01
ORD12745,2024-01-03,Mechanical Keyboard,Accessories,South,43.17,3,129.51,56.36,73.15
ORD10495,2024-01-03,Laptop Stand,Accessories,South,24.33,1,24.33,10.03,14.3
ORD11326,2024-01-03,Laptop Stand,Accessories,North,29.76,2,59.52,24.56,34.96
ORD10697,2024-01-03,Bluetooth Speaker,Audio,West,35.27,4,141.08,47.46,93.62
ORD12379,2024-01-04,Laptop Stand,Accessories,North,18.5,2,37.0,16.16,20.84
ORD11793,2024-01-04,Wireless Mouse,Accessories,Central,25.27,3,75.81,32.12,43.69
ORD12413,2024-01-04,Mechanical Keyboard,Accessories,South,59.67,1,59.67,25.55,34.12
ORD12283,2024-01-05,External SSD 1TB,Storage,North,104.43,2,208.86,42.65,166.21
ORD10415,2024-01-05,Laptop Stand,Accessories,South,21.91,1,21.91,10.29,11.62
ORD10010,2024-01-05,Webcam HD,Peripherals,North,51.98,2,103.96,36.87,67.09
ORD10557,2024-01-05,Mechanical Keyboard,Accessories,West,87.08,3,261.24,106.69,154.55
ORD10941,2024-01-06,USB-C Hub,Accessories,East,40.67,3,122.01,58.67,63.34
ORD12961,2024-01-06,USB-C Hub,Accessories,West,25.28,1,25.28,10.58,14.7
ORD12135,2024-01-07,Wireless Mouse,Accessories,North,28.47,2,56.94,21.44,35.5
ORD10091,2024-01-07,Bluetooth Speaker,Audio,West,72.22,1,72.22,26.57,45.65
ORD10131,2024-01-07,Webcam HD,Peripherals,West,50.76,1,50.76,14.28,36.48
ORD10168,2024-01-07,Gaming Chair,Furniture,West,273.81,2,547.62,137.72,409.9
ORD10176,2024-01-07,Wireless Mouse,Accessories,North,27.32,2,54.64,22.27,32.37
ORD10312,2024-01-08,Laptop Stand,Accessories,Central,31.48,3,94.44,37.56,56.88
ORD11499,2024-01-08,Webcam HD,Peripherals,South,59.76,1,59.76,22.84,36.92
ORD12300,2024-01-09,Smartwatch,Wearables,South,158.67,1,158.67,63.54,95.13
ORD12069,2024-01-09,Webcam HD,Peripherals,East,58.0,1,58.0,21.23,36.77
ORD11748,2024-01-09,Bluetooth Speaker,Audio,West,44.11,1,44.11,14.03,30.08
ORD12722,2024-01-09,Smartwatch,Wearables,South,166.74,4,666.96,286.88,380.08
ORD11698,2024-01-09,USB-C Hub,Accessories,North,41.57,1,41.57,15.96,25.61
ORD11538,2024-01-09,Smartwatch,Wearables,North,103.14,3,309.42,152.81,156.61
ORD11460,2024-01-09,Webcam HD,Peripherals,Central,57.38,2,114.76,46.25,68.51
ORD12455,2024-01-09,Bluetooth Speaker,Audio,West,71.82,3,215.46,79.75,135.71
ORD11610,2024-01-09,Bluetooth Speaker,Audio,North,66.12,1,66.12,26.79,39.33
ORD10261,2024-01-10,Smartwatch,Wearables,South,110.37,3,331.11,147.21,183.9
ORD12918,2024-01-10,Wireless Mouse,Accessories,North,15.76,1,15.76,6.89,8.87
ORD10721,2024-01-10,USB-C Hub,Accessories,South,31.18,4,124.72,49.57,75.15
ORD12766,2024-01-10,Laptop Stand,Accessories,East,26.33,2,52.66,19.42,33.24
ORD12076,2024-01-10,Gaming Chair,Furniture,South,235.81,3,707.43,117.37,590.06
ORD11380,2024-01-11,Standing Desk,Furniture,Central,295.99,2,591.98,137.04,454.94
ORD12078,2024-01-11,Laptop Stand,Accessories,North,29.43,4,117.72,57.38,60.34
ORD12589,2024-01-11,Webcam HD,Peripherals,West,44.79,2,89.58,32.08,57.5
ORD10927,2024-01-12,USB-C Hub,Accessories,North,27.97,1,27.97,11.31,16.66
ORD12624,2024-01-12,Webcam HD,Peripherals,North,47.14,2,94.28,38.41,55.87
ORD10147,2024-01-12,Webcam HD,Peripherals,South,55.55,5,277.75,99.19,178.56
ORD10949,2024-01-12,External SSD 1TB,Storage,South,84.25,2,168.5,42.64,125.86
ORD11697,2024-01-12,External SSD 1TB,Storage,South,99.61,1,99.61,25.66,73.95
ORD11266,2024-01-12,Wireless Mouse,Accessories,South,28.62,4,114.48,47.63,66.85
ORD11650,2024-01-12,External SSD 1TB,Storage,East,126.71,3,380.13,91.5,288.63
ORD10248,2024-01-12,Smartwatch,Wearables,North,131.9,2,263.8,107.35,156.45
ORD10051,2024-01-12,Wireless Mouse,Accessories,West,15.27,1,15.27,6.64,8.63
ORD11410,2024-01-13,Wireless Mouse,Accessories,South,29.56,2,59.12,24.66,34.46
ORD12677,2024-01-13,Laptop Stand,Accessories,South,22.48,2,44.96,20.49,24.47
ORD12709,2024-01-13,Bluetooth Speaker,Audio,North,63.54,6,381.24,140.65,240.59
ORD10389,2024-01-14,Laptop Stand,Accessories,East,21.99,1,21.99,7.98,14.01
ORD11493,2024-01-14,Standing Desk,Furniture,South,436.68,1,436.68,94.76,341.92
ORD12491,2024-01-14,Bluetooth Speaker,Audio,West,55.64,4,222.56,95.92,126.64
ORD10734,2024-01-14,Bluetooth Speaker,Audio,North,46.94,4,187.76,69.19,118.57
ORD12470,2024-01-14,Mechanical Keyboard,Accessories,South,88.06,3,264.18,103.9,160.28
ORD12005,2024-01-15,Webcam HD,Peripherals,South,49.04,4,196.16,61.63,134.53
ORD10092,2024-01-15,Wireless Mouse,Accessories,West,26.06,1,26.06,10.12,15.94
ORD11935,2024-01-15,Mechanical Keyboard,Accessories,East,81.47,2,162.94,66.97,95.97
ORD11149,2024-01-15,Laptop Stand,Accessories,West,19.59,3,58.77,22.6,36.17
ORD11718,2024-01-15,Webcam HD,Peripherals,South,45.19,1,45.19,17.85,27.34
ORD11040,2024-01-16,Noise Cancelling Headphones,Audio,East,97.23,1,97.23,36.12,61.11
ORD11406,2024-01-16,Mechanical Keyboard,Accessories,North,81.71,1,81.71,34.58,47.13
ORD11831,2024-01-16,External SSD 1TB,Storage,North,125.64,1,125.64,36.83,88.81
ORD10976,2024-01-16,Noise Cancelling Headphones,Audio,South,141.7,2,283.4,120.47,162.93
ORD10912,2024-01-16,Webcam HD,Peripherals,North,37.48,3,112.44,38.64,73.8
ORD11798,2024-01-16,External SSD 1TB,Storage,West,128.45,1,128.45,33.39,95.06
ORD11981,2024-01-17,Laptop Stand,Accessories,North,23.77,2,47.54,21.02,26.52
ORD12482,2024-01-17,USB-C Hub,Accessories,East,24.7,3,74.1,30.69,43.41
ORD12002,2024-01-17,Laptop Stand,Accessories,North,28.33,1,28.33,10.39,17.94
ORD10033,2024-01-17,Smartwatch,Wearables,East,136.39,4,545.56,256.22,289.34
ORD11598,2024-01-17,Smartwatch,Wearables,North,91.55,3,274.65,130.96,143.69
ORD10174,2024-01-17,Bluetooth Speaker,Audio,North,65.43,1,65.43,25.68,39.75
ORD11696,2024-01-18,External SSD 1TB,Storage,South,94.21,1,94.21,20.94,73.27
ORD12269,2024-01-18,Laptop Stand,Accessories,South,30.77,2,61.54,25.48,36.06
ORD10880,2024-01-18,USB-C Hub,Accessories,East,35.67,3,107.01,43.05,63.96
ORD12583,2024-01-18,Webcam HD,Peripherals,East,56.42,2,112.84,38.48,74.36
ORD12559,2024-01-19,Laptop Stand,Accessories,East,34.95,3,104.85,48.12,56.73
ORD12784,2024-01-19,External SSD 1TB,Storage,West,123.35,2,246.7,73.0,173.7
ORD10746,2024-01-19,Laptop Stand,Accessories,West,32.78,1,32.78,14.43,18.35
ORD10898,2024-01-20,Laptop Stand,Accessories,North,19.23,3,57.69,25.18,32.51
ORD11405,2024-01-20,Bluetooth Speaker,Audio,East,35.52,1,35.52,14.22,21.3
ORD10162,2024-01-20,Smartwatch,Wearables,West,100.87,3,302.61,136.06,166.55
ORD11928,2024-01-21,Standing Desk,Furniture,West,267.87,1,267.87,58.32,209.55
ORD10477,2024-01-21,Bluetooth Speaker,Audio,Central,66.03,3,198.09,71.27,126.82
ORD12791,2024-01-21,External SSD 1TB,Storage,North,74.65,2,149.3,37.07,112.23
ORD11911,2024-01-21,Laptop Stand,Accessories,Central,29.75,3,89.25,43.54,45.71
ORD10459,2024-01-22,Mechanical Keyboard,Accessories,South,69.77,2,139.54,62.24,77.3
ORD10192,2024-01-22,Laptop Stand,Accessories,North,28.94,2,57.88,23.72,34.16
ORD10703,2024-01-22,USB-C Hub,Accessories,North,40.51,2,81.02,32.88,48.14
ORD12532,2024-01-22,Webcam HD,Peripherals,North,45.64,1,45.64,14.79,30.85
ORD11553,2024-01-23,Laptop Stand,Accessories,East,27.51,1,27.51,11.86,15.65
ORD11112,2024-01-23,Laptop Stand,Accessories,North,25.82,1,25.82,11.15,14.67
ORD12831,2024-01-23,Laptop Stand,Accessories,North,18.26,3,54.78,20.64,34.14
ORD10357,2024-01-23,Laptop Stand,Accessories,South,27.9,3,83.7,36.38,47.32
ORD11170,2024-01-25,Laptop Stand,Accessories,East,20.13,1,20.13,8.11,12.02
ORD12128,2024-01-25,External SSD 1TB,Storage,West,103.05,5,515.25,150.87,364.38
ORD12651,2024-01-25,Wireless Mouse,Accessories,North,23.51,1,23.51,9.98,13.53
ORD10561,2024-01-25,Mechanical Keyboard,Accessories,East,45.83,3,137.49,64.83,72.66
ORD10917,2024-01-25,Laptop Stand,Accessories,Central,18.59,1,18.59,7.55,11.04
ORD10247,2024-01-25,Noise Cancelling Headphones,Audio,North,70.96,2,141.92,52.7,89.22
ORD12438,2024-01-26,Bluetooth Speaker,Audio,North,42.12,6,252.72,98.31,154.41
ORD10309,2024-01-26,Webcam HD,Peripherals,South,44.34,1,44.34,16.92,27.42
ORD11354,2024-01-26,Webcam HD,Peripherals,West,40.13,3,120.39,44.18,76.21
ORD12930,2024-01-26,Laptop Stand,Accessories,North,28.22,2,56.44,21.62,34.82
ORD11258,2024-01-26,Wireless Mouse,Accessories,Central,16.96,1,16.96,7.22,9.74
ORD10802,2024-01-27,Bluetooth Speaker,Audio,Central,62.72,2,125.44,47.75,77.69
ORD10139,2024-01-27,Standing Desk,Furniture,Central,418.47,3,1255.41,260.03,995.38
ORD12850,2024-01-28,Laptop Stand,Accessories,South,24.52,2,49.04,19.64,29.4
ORD10552,2024-01-28,External SSD 1TB,Storage,Central,126.83,3,380.49,115.07,265.42
ORD10202,2024-01-28,27-inch Monitor,Displays,Central,261.65,2,523.3,140.4,382.9
ORD11299,2024-01-28,Laptop Stand,Accessories,North,29.02,2,58.04,22.9,35.14
ORD12012,2024-01-28,27-inch Monitor,Displays,West,233.96,1,233.96,69.98,163.98
ORD11013,2024-01-28,External SSD 1TB,Storage,North,72.99,2,145.98,37.07,108.91
ORD12465,2024-01-29,Noise Cancelling Headphones,Audio,South,120.58,1,120.58,45.55,75.03
ORD11894,2024-01-29,Laptop Stand,Accessories,North,19.75,1,19.75,8.76,10.99
ORD10137,2024-01-29,USB-C Hub,Accessories,Central,26.81,1,26.81,11.65,15.16
ORD12714,2024-01-29,Bluetooth Speaker,Audio,South,67.89,6,407.34,159.22,248.12
ORD12835,2024-01-29,Laptop Stand,Accessories,Central,20.06,1,20.06,9.01,11.05
ORD11199,2024-01-29,Laptop Stand,Accessories,West,30.67,1,30.67,13.14,17.53
ORD11921,2024-01-30,27-inch Monitor,Displays,West,219.83,3,659.49,172.45,487.04
ORD11667,2024-01-30,Bluetooth Speaker,Audio,West,31.01,2,62.02,22.89,39.13
ORD12392,2024-01-31,USB-C Hub,Accessories,East,31.82,1,31.82,12.87,18.95
ORD12277,2024-01-31,USB-C Hub,Accessories,Central,26.61,4,106.44,45.37,61.07
ORD11412,2024-01-31,External SSD 1TB,Storage,West,109.79,2,219.58,47.79,171.79
ORD12538,2024-01-31,Webcam HD,Peripherals,North,53.74,2,107.48,31.71,75.77
ORD11260,2024-02-01,Smartwatch,Wearables,East,109.61,1,109.61,49.61,60.0
ORD11713,2024-02-01,27-inch Monitor,Displays,North,238.81,2,477.62,114.58,363.04
ORD12824,2024-02-01,Smartwatch,Wearables,Central,86.82,4,347.28,135.94,211.34
ORD10534,2024-02-01,Standing Desk,Furniture,West,292.87,1,292.87,67.71,225.16
ORD12400,2024-02-01,Mechanical Keyboard,Accessories,West,46.07,1,46.07,18.37,27.7
ORD11539,2024-02-02,USB-C Hub,Accessories,North,33.82,2,67.64,29.42,38.22
ORD11628,2024-02-02,Laptop Stand,Accessories,Central,26.41,1,26.41,10.67,15.74
ORD12114,2024-02-02,Noise Cancelling Headphones,Audio,West,93.41,3,280.23,97.06,183.17
ORD11694,2024-02-03,Webcam HD,Peripherals,West,30.19,1,30.19,9.44,20.75
ORD11726,2024-02-03,Laptop Stand,Accessories,West,21.81,2,43.62,17.65,25.97
ORD10094,2024-02-03,Webcam HD,Peripherals,Central,45.53,2,91.06,31.12,59.94
ORD11374,2024-02-03,Laptop Stand,Accessories,Central,34.86,1,34.86,13.78,21.08
ORD12864,2024-02-04,Laptop Stand,Accessories,West,34.16,1,34.16,14.06,20.1
ORD11622,2024-02-05,External SSD 1TB,Storage,East,106.37,2,212.74,43.38,169.36
ORD11658,2024-02-05,Laptop Stand,Accessories,West,31.08,1,31.08,13.07,18.01
ORD12888,2024-02-05,Laptop Stand,Accessories,West,22.19,2,44.38,16.25,28.13
ORD12700,2024-02-05,Wireless Mouse,Accessories,South,20.69,1,20.69,8.57,12.12
ORD11445,2024-02-05,27-inch Monitor,Displays,North,156.67,2,313.34,94.29,219.05
ORD12757,2024-02-06,Laptop Stand,Accessories,East,31.16,2,62.32,28.22,34.1
ORD11729,2024-02-06,External SSD 1TB,Storage,West,119.3,1,119.3,35.96,83.34
ORD12834,2024-02-06,USB-C Hub,Accessories,East,35.75,3,107.25,40.04,67.21
ORD12810,2024-02-06,Bluetooth Speaker,Audio,South,42.6,2,85.2,34.32,50.88
ORD11701,2024-02-07,Laptop Stand,Accessories,West,34.68,3,104.04,47.46,56.58
ORD11496,2024-02-07,Laptop Stand,Accessories,North,34.42,4,137.68,61.88,75.8
ORD11138,2024-02-07,External SSD 1TB,Storage,North,106.15,3,318.45,70.73,247.72
ORD10165,2024-02-07,27-inch Monitor,Displays,North,272.98,1,272.98,79.81,193.17
ORD10852,2024-02-08,Smartwatch,Wearables,East,111.88,1,111.88,56.59,55.29
ORD12339,2024-02-08,Webcam HD,Peripherals,North,47.4,1,47.4,14.46,32.94
ORD11520,2024-02-08,Webcam HD,Peripherals,North,33.77,2,67.54,24.6,42.94
ORD12739,2024-02-09,Webcam HD,Peripherals,South,37.57,1,37.57,14.4,23.17
ORD12768,2024-02-10,External SSD 1TB,Storage,East,120.17,2,240.34,55.06,185.28
ORD10008,2024-02-10,Smartwatch,Wearables,South,182.0,1,182.0,85.08,96.92
ORD10429,2024-02-10,Wireless Mouse,Accessories,Central,15.54,2,31.08,12.06,19.02
ORD10244,2024-02-11,Webcam HD,Peripherals,North,46.98,3,140.94,45.89,95.05
ORD10630,2024-02-11,External SSD 1TB,Storage,South,72.49,2,144.98,32.69,112.29
ORD11885,2024-02-11,Laptop Stand,Accessories,North,27.02,3,81.06,34.51,46.55
ORD10762,2024-02-11,Webcam HD,Peripherals,South,40.95,2,81.9,28.44,53.46
ORD10138,2024-02-11,Webcam HD,Peripherals,North,34.59,3,103.77,39.29,64.48
ORD10303,2024-02-12,Wireless Mouse,Accessories,South,25.62,1,25.62,10.04,15.58
ORD12571,2024-02-12,Webcam HD,Peripherals,North,43.41,1,43.41,15.02,28.39
ORD10467,2024-02-12,Webcam HD,Peripherals,North,33.47,1,33.47,12.68,20.79
ORD12489,2024-02-12,USB-C Hub,Accessories,West,20.62,1,20.62,9.01,11.61
ORD12996,2024-02-12,Laptop Stand,Accessories,Central,24.96,1,24.96,9.49,15.47
ORD10628,2024-02-12,USB-C Hub,Accessories,South,23.14,1,23.14,10.18,12.96
ORD10310,2024-02-13,Webcam HD,Peripherals,East,42.42,1,42.42,14.24,28.18
ORD11625,2024-02-13,Laptop Stand,Accessories,South,34.35,1,34.35,14.82,19.53
ORD12331,2024-02-13,Noise Cancelling Headphones,Audio,South,114.92,2,229.84,89.41,140.43
ORD10499,2024-02-13,Bluetooth Speaker,Audio,Central,38.49,2,76.98,32.07,44.91
ORD10783,2024-02-13,USB-C Hub,Accessories,Central,40.66,1,40.66,17.22,23.44
ORD10522,2024-02-14,Smartwatch,Wearables,North,162.01,3,486.03,191.68,294.35
ORD12736,2024-02-14,Bluetooth Speaker,Audio,North,70.56,2,141.12,47.83,93.29
ORD10809,2024-02-14,Bluetooth Speaker,Audio,West,40.55,1,40.55,16.3,24.25
ORD10187,2024-02-15,Mechanical Keyboard,Accessories,South,64.94,3,194.82,80.31,114.51
ORD10170,2024-02-15,Laptop Stand,Accessories,South,27.52,1,27.52,12.5,15.02
ORD11771,2024-02-15,Wireless Mouse,Accessories,East,17.59,1,17.59,7.53,10.06
ORD12919,2024-02-15,Webcam HD,Peripherals,North,28.03,6,168.18,55.08,113.1
ORD12151,2024-02-16,Laptop Stand,Accessories,West,34.82,7,243.74,110.29,133.45
ORD11106,2024-02-16,Webcam HD,Peripherals,North,50.86,1,50.86,16.57,34.29
ORD11932,2024-02-16,Webcam HD,Peripherals,East,53.02,3,159.06,45.88,113.18
ORD11005,2024-02-17,Laptop Stand,Accessories,West,21.92,2,43.84,21.13,22.71
ORD10402,2024-02-18,Mechanical Keyboard,Accessories,South,65.79,2,131.58,47.72,83.86
ORD11900,2024-02-19,Laptop Stand,Accessories,East,18.85,2,37.7,16.55,21.15
ORD12979,2024-02-20,External SSD 1TB,Storage,North,73.47,1,73.47,20.44,53.03
ORD10117,2024-02-20,Bluetooth Speaker,Audio,Central,76.72,2,153.44,58.98,94.46
ORD10755,2024-02-20,Bluetooth Speaker,Audio,Central,54.25,1,54.25,17.88,36.37
ORD12901,2024-02-20,Wireless Mouse,Accessories,Central,20.05,4,80.2,36.13,44.07
ORD12458,2024-02-21,Standing Desk,Furniture,North,302.15,1,302.15,53.41,248.74
ORD12500,2024-02-21,Laptop Stand,Accessories,East,27.27,6,163.62,62.13,101.49
ORD12423,2024-02-21,Laptop Stand,Accessories,South,34.18,3,102.54,41.95,60.59
ORD10958,2024-02-21,Bluetooth Speaker,Audio,South,64.67,3,194.01,78.31,115.7
ORD10712,2024-02-21,External SSD 1TB,Storage,North,86.02,4,344.08,89.12,254.96
ORD10812,2024-02-21,USB-C Hub,Accessories,South,30.28,2,60.56,26.91,33.65
ORD12588,2024-02-21,Mechanical Keyboard,Accessories,North,53.4,1,53.4,21.72,31.68
ORD11050,2024-02-21,27-inch Monitor,Displays,North,275.8,3,827.4,227.4,600.0
ORD11356,2024-02-22,External SSD 1TB,Storage,West,114.51,1,114.51,24.72,89.79
ORD10041,2024-02-22,27-inch Monitor,Displays,South,314.09,2,628.18,169.92,458.26
ORD11516,2024-02-22,Laptop Stand,Accessories,North,18.9,2,37.8,16.55,21.25
ORD10083,2024-02-22,Laptop Stand,Accessories,South,21.56,2,43.12,17.72,25.4
ORD10591,2024-02-23,USB-C Hub,Accessories,West,30.5,1,30.5,13.25,17.25
ORD12265,2024-02-23,Wireless Mouse,Accessories,South,19.11,4,76.44,30.79,45.65
ORD10127,2024-02-24,Smartwatch,Wearables,North,124.8,2,249.6,107.88,141.72
ORD11727,2024-02-24,External SSD 1TB,Storage,East,77.29,3,231.87,58.24,173.63
ORD10286,2024-02-24,Bluetooth Speaker,Audio,South,32.64,3,97.92,36.64,61.28
ORD12692,2024-02-24,External SSD 1TB,Storage,North,114.71,1,114.71,30.72,83.99
ORD12707,2024-02-25,Bluetooth Speaker,Audio,South,45.96,1,45.96,17.71,28.25
ORD11470,2024-02-25,27-inch Monitor,Displays,North,272.2,2,544.4,180.86,363.54
ORD12803,2024-02-25,External SSD 1TB,Storage,North,107.72,2,215.44,52.44,163.0
ORD12101,2024-02-26,Webcam HD,Peripherals,East,51.89,1,51.89,17.81,34.08
ORD12818,2024-02-26,External SSD 1TB,Storage,South,116.8,1,116.8,25.56,91.24
ORD11884,2024-02-26,27-inch Monitor,Displays,South,230.53,4,922.12,258.82,663.3
ORD10758,2024-02-26,Wireless Mouse,Accessories,North,27.51,1,27.51,12.12,15.39
ORD12308,2024-02-26,Laptop Stand,Accessories,South,29.83,3,89.49,35.6,53.89
ORD12678,2024-02-26,Bluetooth Speaker,Audio,South,46.01,1,46.01,17.42,28.59
ORD12871,2024-02-27,Laptop Stand,Accessories,North,32.58,1,32.58,14.39,18.19
ORD11732,2024-02-27,Webcam HD,Peripherals,Central,50.35,1,50.35,17.43,32.92
ORD10936,2024-02-27,Laptop Stand,Accessories,North,25.06,1,25.06,10.13,14.93
ORD12119,2024-02-27,USB-C Hub,Accessories,North,38.92,4,155.68,69.93,85.75
ORD10789,2024-02-27,Mechanical Keyboard,Accessories,West,63.39,2,126.78,53.62,73.16
ORD12306,2024-02-28,Webcam HD,Peripherals,West,27.41,4,109.64,39.68,69.96
ORD11490,2024-02-28,Smartwatch,Wearables,South,87.25,1,87.25,42.33,44.92
ORD10708,2024-02-28,Webcam HD,Peripherals,North,50.16,1,50.16,19.28,30.88
ORD10409,2024-02-28,Laptop Stand,Accessories,South,19.12,1,19.12,7.83,11.29
ORD11218,2024-02-28,Smartwatch,Wearables,South,95.2,2,190.4,82.68,107.72
ORD10135,2024-02-28,Standing Desk,Furniture,North,399.96,1,399.96,91.4,308.56
ORD12844,2024-02-28,Noise Cancelling Headphones,Audio,North,144.35,1,144.35,54.28,90.07
ORD10860,2024-02-28,Bluetooth Speaker,Audio,Central,41.31,1,41.31,13.34,27.97
ORD11398,2024-02-29,Laptop Stand,Accessories,North,27.03,4,108.12,49.55,58.57
ORD12456,2024-02-29,Noise Cancelling Headphones,Audio,North,95.35,1,95.35,36.29,59.06
ORD12590,2024-02-29,Wireless Mouse,Accessories,West,17.43,1,17.43,7.71,9.72
ORD12998,2024-02-29,Smartwatch,Wearables,South,179.74,1,179.74,74.56,105.18
ORD12615,2024-02-29,Bluetooth Speaker,Audio,West,58.1,4,232.4,97.29,135.11
ORD11664,2024-02-29,Wireless Mouse,Accessories,West,28.33,4,113.32,45.59,67.73
ORD10159,2024-03-01,27-inch Monitor,Displays,South,250.05,6,1500.3,415.24,1085.06
ORD11478,2024-03-01,USB-C Hub,Accessories,West,44.76,5,223.8,84.59,139.21
ORD12665,2024-03-01,Webcam HD,Peripherals,North,39.27,2,78.54,27.1,51.44
ORD12550,2024-03-01,Webcam HD,Peripherals,East,50.59,2,101.18,34.72,66.46
ORD11437,2024-03-01,Laptop Stand,Accessories,North,32.07,1,32.07,13.29,18.78
ORD12160,2024-03-01,Wireless Mouse,Accessories,Central,23.2,1,23.2,10.05,13.15
ORD11372,2024-03-02,Wireless Mouse,Accessories,West,19.11,1,19.11,8.06,11.05
ORD12758,2024-03-02,Webcam HD,Peripherals,North,56.12,1,56.12,21.28,34.84
ORD11125,2024-03-02,Laptop Stand,Accessories,Central,27.34,4,109.36,44.4,64.96
ORD11364,2024-03-02,Laptop Stand,Accessories,South,28.95,2,57.9,22.59,35.31
ORD10075,2024-03-03,Laptop Stand,Accessories,North,32.1,1,32.1,13.46,18.64
ORD12001,2024-03-04,Webcam HD,Peripherals,South,48.04,1,48.04,17.72,30.32
ORD11441,2024-03-04,Bluetooth Speaker,Audio,Central,35.29,2,70.58,29.46,41.12
ORD12240,2024-03-04,Laptop Stand,Accessories,South,33.09,3,99.27,44.12,55.15
ORD12202,2024-03-05,Laptop Stand,Accessories,North,27.24,1,27.24,10.0,17.24
ORD12907,2024-03-05,Laptop Stand,Accessories,South,24.01,2,48.02,20.71,27.31
ORD12083,2024-03-05,External SSD 1TB,Storage,Central,78.35,5,391.75,115.1,276.65
ORD10257,2024-03-05,Laptop Stand,Accessories,North,32.18,1,32.18,13.58,18.6
ORD11973,2024-03-05,External SSD 1TB,Storage,North,129.76,2,259.52,60.86,198.66
ORD11415,2024-03-05,Laptop Stand,Accessories,South,19.8,1,19.8,8.5,11.3
ORD11285,2024-03-05,Noise Cancelling Headphones,Audio,South,97.65,2,195.3,71.27,124.03
ORD12272,2024-03-06,Wireless Mouse,Accessories,North,17.34,2,34.68,15.23,19.45
ORD12152,2024-03-06,Bluetooth Speaker,Audio,East,52.73,1,52.73,20.02,32.71
ORD11044,2024-03-06,Webcam HD,Peripherals,South,50.24,1,50.24,19.68,30.56
ORD11627,2024-03-06,Bluetooth Speaker,Audio,West,42.84,1,42.84,16.92,25.92
ORD11861,2024-03-06,Mechanical Keyboard,Accessories,North,65.55,1,65.55,26.11,39.44
ORD10858,2024-03-06,Noise Cancelling Headphones,Audio,South,121.44,2,242.88,96.7,146.18
ORD12731,2024-03-06,Laptop Stand,Accessories,West,30.37,2,60.74,27.22,33.52
ORD12176,2024-03-07,Laptop Stand,Accessories,South,32.05,3,96.15,38.74,57.41
ORD10846,2024-03-07,Webcam HD,Peripherals,East,36.28,1,36.28,12.23,24.05
ORD11815,2024-03-07,Wireless Mouse,Accessories,South,23.81,2,47.62,16.71,30.91
ORD12575,2024-03-08,Bluetooth Speaker,Audio,East,49.34,2,98.68,40.17,58.51
ORD12440,2024-03-08,Laptop Stand,Accessories,West,23.95,2,47.9,19.27,28.63
ORD11661,2024-03-08,27-inch Monitor,Displays,West,298.75,3,896.25,193.89,702.36
ORD12799,2024-03-08,Smartwatch,Wearables,West,89.78,3,269.34,106.91,162.43
ORD12807,2024-03-08,Laptop Stand,Accessories,West,30.03,3,90.09,37.24,52.85
ORD10925,2024-03-09,27-inch Monitor,Displays,North,233.12,2,466.24,141.19,325.05
ORD12121,2024-03-09,Mechanical Keyboard,Accessories,East,80.77,4,323.08,134.83,188.25
ORD10681,2024-03-09,Laptop Stand,Accessories,West,27.6,5,138.0,59.91,78.09
ORD11348,2024-03-09,Webcam HD,Peripherals,North,35.03,1,35.03,11.1,23.93
ORD11562,2024-03-09,Wireless Mouse,Accessories,Central,27.73,1,27.73,10.53,17.2
ORD11613,2024-03-10,Webcam HD,Peripherals,North,58.15,2,116.3,43.8,72.5
ORD11774,2024-03-10,27-inch Monitor,Displays,West,256.5,5,1282.5,378.04,904.46
ORD11936,2024-03-10,External SSD 1TB,Storage,West,106.95,1,106.95,26.64,80.31
ORD11200,2024-03-11,External SSD 1TB,Storage,West,91.21,2,182.42,52.62,129.8
ORD10525,2024-03-11,USB-C Hub,Accessories,North,25.73,1,25.73,10.07,15.66
ORD12759,2024-03-11,Laptop Stand,Accessories,East,30.47,3,91.41,37.24,54.17
ORD10791,2024-03-11,Laptop Stand,Accessories,Central,28.46,4,113.84,51.32,62.52
ORD12613,2024-03-11,USB-C Hub,Accessories,South,33.87,5,169.35,80.46,88.89
ORD10489,2024-03-11,Mechanical Keyboard,Accessories,Central,78.24,7,547.68,230.16,317.52
ORD12351,2024-03-11,Laptop Stand,Accessories,West,30.29,1,30.29,14.25,16.04
ORD11909,2024-03-11,Webcam HD,Peripherals,North,46.46,2,92.92,30.84,62.08
ORD10078,2024-03-12,Wireless Mouse,Accessories,West,22.47,2,44.94,19.32,25.62
ORD10548,2024-03-12,Smartwatch,Wearables,North,163.47,1,163.47,72.71,90.76
ORD11503,2024-03-12,Bluetooth Speaker,Audio,Central,52.64,4,210.56,69.98,140.58
ORD11057,2024-03-12,Laptop Stand,Accessories,South,20.63,1,20.63,8.82,11.81
ORD12842,2024-03-12,Wireless Mouse,Accessories,North,17.82,1,17.82,7.98,9.84
ORD10909,2024-03-13,Laptop Stand,Accessories,South,26.36,2,52.72,21.91,30.81
ORD12554,2024-03-13,Bluetooth Speaker,Audio,North,42.55,1,42.55,16.08,26.47
ORD11888,2024-03-13,Laptop Stand,Accessories,South,28.19,1,28.19,13.02,15.17
ORD10845,2024-03-13,External SSD 1TB,Storage,North,127.76,1,127.76,27.15,100.61
ORD12755,2024-03-13,Bluetooth Speaker,Audio,Central,76.48,3,229.44,76.88,152.56
ORD10088,2024-03-13,Wireless Mouse,Accessories,South,22.22,2,44.44,17.79,26.65
ORD12587,2024-03-13,Laptop Stand,Accessories,West,29.85,1,29.85,11.47,18.38
ORD12144,2024-03-14,Wireless Mouse,Accessories,East,17.23,1,17.23,7.93,9.3
ORD10061,2024-03-14,External SSD 1TB,Storage,South,122.01,2,244.02,63.27,180.75
ORD12313,2024-03-14,Webcam HD,Peripherals,East,27.89,3,83.67,27.12,56.55
ORD11209,2024-03-14,USB-C Hub,Accessories,West,31.02,4,124.08,49.83,74.25
ORD12498,2024-03-15,Laptop Stand,Accessories,North,24.36,4,97.44,49.29,48.15
ORD12849,2024-03-15,Laptop Stand,Accessories,North,34.52,1,34.52,13.87,20.65
ORD10098,2024-03-15,External SSD 1TB,Storage,East,119.02,1,119.02,27.03,91.99
ORD12525,2024-03-15,Wireless Mouse,Accessories,West,28.31,2,56.62,24.3,32.32
ORD10481,2024-03-16,External SSD 1TB,Storage,East,114.9,2,229.8,61.85,167.95
ORD10666,2024-03-16,Bluetooth Speaker,Audio,West,51.0,4,204.0,78.88,125.12
ORD11048,2024-03-16,Noise Cancelling Headphones,Audio,North,82.39,1,82.39,29.06,53.33
ORD11036,2024-03-16,Laptop Stand,Accessories,North,30.27,3,90.81,34.98,55.83
ORD11983,2024-03-16,External SSD 1TB,Storage,North,72.81,1,72.81,19.5,53.31
ORD11037,2024-03-17,Wireless Mouse,Accessories,East,23.54,2,47.08,19.7,27.38
ORD11891,2024-03-17,Laptop Stand,Accessories,South,20.82,2,41.64,15.44,26.2
ORD11714,2024-03-17,External SSD 1TB,Storage,East,84.26,1,84.26,24.03,60.23
ORD12212,2024-03-17,Standing Desk,Furniture,East,439.06,4,1756.24,427.22,1329.02
ORD11267,2024-03-17,Mechanical Keyboard,Accessories,North,60.98,1,60.98,25.17,35.81
ORD12686,2024-03-17,Laptop Stand,Accessories,East,20.38,2,40.76,16.8,23.96
ORD12245,2024-03-18,Webcam HD,Peripherals,North,33.98,5,169.9,60.64,109.26
ORD12033,2024-03-18,Laptop Stand,Accessories,North,18.36,2,36.72,14.67,22.05
ORD12044,2024-03-18,Smartwatch,Wearables,East,97.3,3,291.9,119.55,172.35
ORD12285,2024-03-19,Smartwatch,Wearables,South,107.99,2,215.98,99.28,116.7
ORD10907,2024-03-19,Laptop Stand,Accessories,West,31.85,4,127.4,48.01,79.39
ORD12028,2024-03-19,Standing Desk,Furniture,East,213.16,1,213.16,49.39,163.77
ORD10262,2024-03-19,Standing Desk,Furniture,Central,312.65,1,312.65,55.27,257.38
ORD11518,2024-03-19,Laptop Stand,Accessories,East,26.47,2,52.94,22.08,30.86
ORD10410,2024-03-19,Wireless Mouse,Accessories,East,25.07,3,75.21,31.28,43.93
ORD12357,2024-03-19,Wireless Mouse,Accessories,North,25.77,2,51.54,24.4,27.14
ORD10308,2024-03-19,External SSD 1TB,Storage,Central,122.23,1,122.23,26.65,95.58
ORD12845,2024-03-19,Noise Cancelling Headphones,Audio,West,74.86,4,299.44,101.08,198.36
ORD11593,2024-03-21,USB-C Hub,Accessories,South,20.35,3,61.05,24.46,36.59
ORD12681,2024-03-21,Bluetooth Speaker,Audio,North,56.95,1,56.95,19.72,37.23
ORD12071,2024-03-21,Noise Cancelling Headphones,Audio,North,98.83,1,98.83,35.81,63.02
ORD11472,2024-03-21,Wireless Mouse,Accessories,North,24.34,1,24.34,10.53,13.81
ORD11825,2024-03-21,Wireless Mouse,Accessories,East,28.47,2,56.94,25.23,31.71
ORD12602,2024-03-22,Bluetooth Speaker,Audio,North,64.31,2,128.62,55.28,73.34
ORD11656,2024-03-23,Smartwatch,Wearables,East,133.25,1,133.25,57.02,76.23
ORD12196,2024-03-23,Laptop Stand,Accessories,West,26.48,1,26.48,13.22,13.26
ORD10350,2024-03-24,Standing Desk,Furniture,East,301.06,2,602.12,168.27,433.85
ORD11514,2024-03-24,Noise Cancelling Headphones,Audio,Central,65.87,1,65.87,24.63,41.24
ORD10123,2024-03-24,Laptop Stand,Accessories,South,27.47,2,54.94,19.3,35.64
ORD12603,2024-03-24,Webcam HD,Peripherals,North,28.46,3,85.38,29.67,55.71
ORD11129,2024-03-24,Bluetooth Speaker,Audio,East,77.28,2,154.56,59.07,95.49
ORD11611,2024-03-24,Standing Desk,Furniture,West,415.7,2,831.4,125.56,705.84
ORD12698,2024-03-25,Webcam HD,Peripherals,North,29.47,2,58.94,20.76,38.18
ORD11709,2024-03-25,27-inch Monitor,Displays,East,310.12,3,930.36,254.91,675.45
ORD12390,2024-03-25,Bluetooth Speaker,Audio,Central,56.6,3,169.8,60.52,109.28
ORD10093,2024-03-26,Laptop Stand,Accessories,East,20.04,5,100.2,43.97,56.23
ORD10529,2024-03-26,Standing Desk,Furniture,Central,394.2,1,394.2,98.61,295.59
ORD12241,2024-03-26,Laptop Stand,Accessories,West,34.84,2,69.68,28.25,41.43
ORD12077,2024-03-26,Webcam HD,Peripherals,North,43.12,2,86.24,30.78,55.46
ORD10013,2024-03-26,External SSD 1TB,Storage,South,107.46,1,107.46,24.75,82.71
ORD11204,2024-03-26,Webcam HD,Peripherals,Central,47.11,2,94.22,30.75,63.47
ORD11673,2024-03-26,Bluetooth Speaker,Audio,East,67.22,2,134.44,51.41,83.03
ORD10943,2024-03-27,Laptop Stand,Accessories,North,34.18,3,102.54,44.68,57.86
ORD12287,2024-03-27,Smartwatch,Wearables,West,121.32,4,485.28,210.18,275.1
ORD10263,2024-03-27,Noise Cancelling Headphones,Audio,West,63.75,1,63.75,19.99,43.76
ORD10193,2024-03-27,Noise Cancelling Headphones,Audio,West,103.14,2,206.28,82.01,124.27
ORD10743,2024-03-27,27-inch Monitor,Displays,West,262.76,2,525.52,121.97,403.55
ORD11296,2024-03-27,27-inch Monitor,Displays,South,287.82,1,287.82,81.64,206.18
ORD10765,2024-03-28,Laptop Stand,Accessories,East,18.6,2,37.2,17.61,19.59
ORD12149,2024-03-28,Webcam HD,Peripherals,North,50.22,5,251.1,87.76,163.34
ORD10997,2024-03-28,Wireless Mouse,Accessories,East,28.99,2,57.98,22.28,35.7
ORD12533,2024-03-28,Webcam HD,Peripherals,West,26.4,3,79.2,24.25,54.95
ORD10806,2024-03-28,Mechanical Keyboard,Accessories,Central,77.36,1,77.36,35.21,42.15
ORD12457,2024-03-29,Laptop Stand,Accessories,South,20.18,1,20.18,8.47,11.71
ORD11054,2024-03-29,Bluetooth Speaker,Audio,South,69.25,1,69.25,27.44,41.81
ORD10533,2024-03-29,Webcam HD,Peripherals,West,48.35,3,145.05,54.8,90.25
ORD12573,2024-03-29,Smartwatch,Wearables,East,101.68,2,203.36,91.21,112.15
ORD11290,2024-03-29,External SSD 1TB,Storage,North,87.01,2,174.02,41.89,132.13
ORD12421,2024-03-30,Webcam HD,Peripherals,East,34.22,1,34.22,11.0,23.22
ORD10764,2024-03-30,Webcam HD,Peripherals,South,28.58,6,171.48,44.16,127.32
ORD10906,2024-03-30,Wireless Mouse,Accessories,South,19.34,1,19.34,7.24,12.1
ORD10052,2024-03-30,Laptop Stand,Accessories,West,32.36,1,32.36,13.52,18.84
ORD10428,2024-03-31,Laptop Stand,Accessories,West,32.4,3,97.2,40.31,56.89
ORD12869,2024-03-31,Webcam HD,Peripherals,Central,59.81,2,119.62,43.32,76.3
ORD12266,2024-03-31,Bluetooth Speaker,Audio,North,41.34,1,41.34,15.55,25.79
ORD12958,2024-03-31,27-inch Monitor,Displays,West,285.33,1,285.33,81.26,204.07
ORD12021,2024-03-31,Bluetooth Speaker,Audio,East,66.53,1,66.53,26.85,39.68
ORD10255,2024-04-01,Laptop Stand,Accessories,North,21.01,2,42.02,16.53,25.49
ORD11253,2024-04-01,Noise Cancelling Headphones,Audio,West,123.28,2,246.56,91.57,154.99
ORD11066,2024-04-01,Mechanical Keyboard,Accessories,West,78.64,3,235.92,87.71,148.21
ORD12553,2024-04-01,Laptop Stand,Accessories,Central,19.31,7,135.17,60.72,74.45
ORD12549,2024-04-02,27-inch Monitor,Displays,East,174.37,3,523.11,147.07,376.04
ORD12687,2024-04-02,Bluetooth Speaker,Audio,North,40.4,3,121.2,47.84,73.36
ORD11835,2024-04-02,Laptop Stand,Accessories,Central,18.67,2,37.34,17.41,19.93
ORD10341,2024-04-02,Laptop Stand,Accessories,East,28.58,2,57.16,25.86,31.3
ORD10196,2024-04-02,Laptop Stand,Accessories,West,21.46,3,64.38,26.92,37.46
ORD11207,2024-04-02,Smartwatch,Wearables,South,123.38,4,493.52,233.75,259.77
ORD12627,2024-04-03,Bluetooth Speaker,Audio,East,52.25,1,52.25,17.61,34.64
ORD12892,2024-04-03,USB-C Hub,Accessories,North,41.91,2,83.82,36.3,47.52
ORD11521,2024-04-04,Laptop Stand,Accessories,East,21.19,1,21.19,8.99,12.2
ORD11866,2024-04-04,Laptop Stand,Accessories,South,29.59,1,29.59,10.99,18.6
ORD11145,2024-04-04,Laptop Stand,Accessories,East,28.92,1,28.92,13.31,15.61
ORD10084,2024-04-04,Laptop Stand,Accessories,South,29.86,1,29.86,11.91,17.95
ORD11137,2024-04-04,Standing Desk,Furniture,East,280.05,1,280.05,67.35,212.7
ORD10044,2024-04-05,Webcam HD,Peripherals,East,50.01,3,150.03,50.62,99.41
ORD12475,2024-04-05,Wireless Mouse,Accessories,Central,21.77,1,21.77,9.79,11.98
ORD11183,2024-04-05,Bluetooth Speaker,Audio,South,52.34,2,104.68,43.9,60.78
ORD12177,2024-04-06,Webcam HD,Peripherals,Central,45.58,2,91.16,29.64,61.52
ORD11122,2024-04-06,External SSD 1TB,Storage,North,82.77,3,248.31,50.68,197.63
ORD11913,2024-04-06,Wireless Mouse,Accessories,West,25.44,1,25.44,10.58,14.86
ORD10452,2024-04-06,Laptop Stand,Accessories,North,32.93,2,65.86,29.34,36.52
ORD12022,2024-04-07,Smartwatch,Wearables,Central,195.95,1,195.95,85.99,109.96
ORD12059,2024-04-07,27-inch Monitor,Displays,East,192.31,1,192.31,50.31,142.0
ORD12188,2024-04-07,External SSD 1TB,Storage,Central,83.18,1,83.18,22.01,61.17
ORD12499,2024-04-07,Laptop Stand,Accessories,North,24.41,3,73.23,24.69,48.54
ORD10772,2024-04-08,Mechanical Keyboard,Accessories,South,86.77,5,433.85,173.57,260.28
ORD11523,2024-04-08,USB-C Hub,Accessories,East,41.28,5,206.4,78.12,128.28
ORD10863,2024-04-09,External SSD 1TB,Storage,North,86.29,1,86.29,22.34,63.95
ORD10048,2024-04-09,Wireless Mouse,Accessories,North,20.62,4,82.48,32.82,49.66
ORD12495,2024-04-09,Mechanical Keyboard,Accessories,Central,68.84,1,68.84,26.61,42.23
ORD12459,2024-04-09,Bluetooth Speaker,Audio,North,37.81,3,113.43,41.9,71.53
ORD12102,2024-04-10,Laptop Stand,Accessories,Central,25.35,3,76.05,28.59,47.46
ORD10283,2024-04-10,Mechanical Keyboard,Accessories,North,59.27,2,118.54,49.74,68.8
ORD12437,2024-04-10,External SSD 1TB,Storage,East,121.69,2,243.38,55.86,187.52
ORD11179,2024-04-10,Laptop Stand,Accessories,West,20.56,3,61.68,25.21,36.47
ORD12943,2024-04-10,External SSD 1TB,Storage,North,74.84,2,149.68,34.2,115.48
ORD11368,2024-04-11,Laptop Stand,Accessories,East,24.04,2,48.08,21.51,26.57
ORD10627,2024-04-11,Wireless Mouse,Accessories,West,26.71,3,80.13,33.39,46.74
ORD12706,2024-04-11,Bluetooth Speaker,Audio,South,45.23,1,45.23,17.9,27.33
ORD12861,2024-04-11,Laptop Stand,Accessories,South,26.91,4,107.64,46.76,60.88
ORD12184,2024-04-12,Laptop Stand,Accessories,East,31.25,2,62.5,24.74,37.76
ORD11700,2024-04-12,Bluetooth Speaker,Audio,North,59.49,3,178.47,70.87,107.6
ORD12086,2024-04-12,External SSD 1TB,Storage,North,90.21,3,270.63,70.49,200.14
ORD10914,2024-04-12,Laptop Stand,Accessories,West,27.58,2,55.16,23.69,31.47
ORD12827,2024-04-13,Laptop Stand,Accessories,Central,21.87,1,21.87,8.92,12.95
ORD11607,2024-04-13,Bluetooth Speaker,Audio,Central,42.61,2,85.22,31.29,53.93
ORD10239,2024-04-13,Wireless Mouse,Accessories,North,26.06,2,52.12,23.12,29.0
ORD10313,2024-04-13,Webcam HD,Peripherals,East,40.67,1,40.67,16.9,23.77
ORD11532,2024-04-14,Wireless Mouse,Accessories,East,20.4,5,102.0,40.3,61.7
ORD11509,2024-04-14,Noise Cancelling Headphones,Audio,North,117.0,2,234.0,92.67,141.33
ORD11464,2024-04-14,Wireless Mouse,Accessories,North,18.17,1,18.17,7.43,10.74
ORD11187,2024-04-14,USB-C Hub,Accessories,North,23.63,6,141.78,62.89,78.89
ORD12866,2024-04-14,Mechanical Keyboard,Accessories,East,50.31,4,201.24,87.17,114.07
ORD11205,2024-04-14,Wireless Mouse,Accessories,North,18.57,2,37.14,16.78,20.36
ORD12880,2024-04-15,Smartwatch,Wearables,North,199.54,3,598.62,219.19,379.43
ORD11635,2024-04-15,Laptop Stand,Accessories,Central,18.05,1,18.05,7.26,10.79
ORD10223,2024-04-15,Webcam HD,Peripherals,North,50.07,1,50.07,16.04,34.03
ORD11737,2024-04-16,Wireless Mouse,Accessories,North,25.55,3,76.65,31.94,44.71
ORD12480,2024-04-16,Smartwatch,Wearables,Central,197.88,3,593.64,254.25,339.39
ORD12717,2024-04-16,Laptop Stand,Accessories,South,29.41,2,58.82,23.57,35.25
ORD12767,2024-04-16,Smartwatch,Wearables,South,173.62,1,173.62,81.68,91.94
ORD10605,2024-04-16,27-inch Monitor,Displays,East,171.96,1,171.96,57.96,114.0
ORD11371,2024-04-16,Laptop Stand,Accessories,North,20.25,1,20.25,6.79,13.46
ORD11482,2024-04-17,USB-C Hub,Accessories,West,20.74,1,20.74,8.52,12.22
ORD12585,2024-04-17,Webcam HD,Peripherals,North,30.95,3,92.85,33.37,59.48
ORD10278,2024-04-17,Webcam HD,Peripherals,North,51.64,1,51.64,18.08,33.56
ORD12372,2024-04-17,External SSD 1TB,Storage,North,125.52,2,251.04,60.16,190.88
ORD12418,2024-04-17,Mechanical Keyboard,Accessories,East,74.19,3,222.57,84.44,138.13
ORD12155,2024-04-18,Webcam HD,Peripherals,West,57.43,1,57.43,18.48,38.95
ORD12761,2024-04-18,Laptop Stand,Accessories,South,21.95,1,21.95,9.7,12.25
ORD11723,2024-04-19,Webcam HD,Peripherals,West,38.15,1,38.15,14.58,23.57
ORD11131,2024-04-19,Noise Cancelling Headphones,Audio,West,70.2,4,280.8,107.52,173.28
ORD12439,2024-04-19,Bluetooth Speaker,Audio,East,31.15,3,93.45,33.17,60.28
ORD11984,2024-04-19,Laptop Stand,Accessories,West,29.36,3,88.08,37.25,50.83
ORD12604,2024-04-19,Noise Cancelling Headphones,Audio,North,105.17,1,105.17,39.21,65.96
ORD10368,2024-04-20,External SSD 1TB,Storage,West,82.44,3,247.32,65.88,181.44
ORD10385,2024-04-20,USB-C Hub,Accessories,North,41.59,1,41.59,17.62,23.97
ORD12434,2024-04-20,External SSD 1TB,Storage,North,120.69,1,120.69,27.92,92.77
ORD12684,2024-04-20,Webcam HD,Peripherals,North,37.86,4,151.44,53.87,97.57
ORD10716,2024-04-21,Bluetooth Speaker,Audio,South,79.69,4,318.76,109.85,208.91
ORD12621,2024-04-21,27-inch Monitor,Displays,West,285.12,1,285.12,86.85,198.27
ORD11695,2024-04-21,Standing Desk,Furniture,South,382.44,1,382.44,97.7,284.74
ORD11677,2024-04-22,Laptop Stand,Accessories,South,29.35,2,58.7,22.58,36.12
ORD10019,2024-04-22,Smartwatch,Wearables,South,129.32,1,129.32,59.83,69.49
ORD11648,2024-04-22,Laptop Stand,Accessories,South,25.83,1,25.83,10.08,15.75
ORD12129,2024-04-22,Wireless Mouse,Accessories,West,16.46,1,16.46,7.44,9.02
ORD12185,2024-04-23,External SSD 1TB,Storage,North,105.56,4,422.24,117.01,305.23
ORD12994,2024-04-23,Laptop Stand,Accessories,North,28.24,6,169.44,69.99,99.45
ORD11202,2024-04-23,Standing Desk,Furniture,West,225.57,3,676.71,169.07,507.64
ORD12254,2024-04-24,Laptop Stand,Accessories,West,27.86,2,55.72,22.68,33.04
ORD11384,2024-04-24,Bluetooth Speaker,Audio,West,47.85,2,95.7,34.52,61.18
ORD11393,2024-04-24,USB-C Hub,Accessories,North,28.44,5,142.2,57.3,84.9
ORD10485,2024-04-24,USB-C Hub,Accessories,South,32.98,2,65.96,27.42,38.54
ORD10820,2024-04-25,Webcam HD,Peripherals,South,26.79,1,26.79,9.12,17.67
ORD12527,2024-04-25,USB-C Hub,Accessories,West,28.55,1,28.55,12.12,16.43
ORD12576,2024-04-25,Smartwatch,Wearables,North,103.58,3,310.74,134.1,176.64
ORD11915,2024-04-26,Laptop Stand,Accessories,North,28.07,1,28.07,12.43,15.64
ORD12016,2024-04-26,Wireless Mouse,Accessories,East,25.29,3,75.87,34.19,41.68
ORD10067,2024-04-26,Smartwatch,Wearables,Central,81.46,1,81.46,35.45,46.01
ORD10352,2024-04-27,Mechanical Keyboard,Accessories,West,47.72,1,47.72,18.0,29.72
ORD12035,2024-04-27,Noise Cancelling Headphones,Audio,East,114.54,1,114.54,46.01,68.53
ORD10663,2024-04-27,Webcam HD,Peripherals,South,32.27,1,32.27,12.4,19.87
ORD12508,2024-04-27,Webcam HD,Peripherals,West,49.5,7,346.5,119.58,226.92
ORD11739,2024-04-27,Wireless Mouse,Accessories,North,28.77,1,28.77,10.97,17.8
ORD12468,2024-04-27,Laptop Stand,Accessories,Central,28.63,3,85.89,36.76,49.13
ORD11360,2024-04-27,Smartwatch,Wearables,South,107.11,2,214.22,106.2,108.02
ORD12318,2024-04-27,Laptop Stand,Accessories,North,31.23,3,93.69,34.08,59.61
ORD10932,2024-04-27,Mechanical Keyboard,Accessories,South,60.05,3,180.15,78.25,101.9
ORD12786,2024-04-28,Wireless Mouse,Accessories,West,16.7,1,16.7,6.86,9.84
ORD10269,2024-04-28,Wireless Mouse,Accessories,West,29.53,4,118.12,46.58,71.54
ORD11545,2024-04-29,Wireless Mouse,Accessories,South,26.66,1,26.66,11.6,15.06
ORD10163,2024-04-29,Bluetooth Speaker,Audio,South,31.74,4,126.96,43.3,83.66
ORD10205,2024-04-30,Webcam HD,Peripherals,West,37.49,3,112.47,40.37,72.1
ORD10476,2024-04-30,27-inch Monitor,Displays,North,177.11,1,177.11,56.57,120.54
ORD12215,2024-04-30,USB-C Hub,Accessories,North,35.42,2,70.84,30.13,40.71
ORD12218,2024-04-30,Wireless Mouse,Accessories,North,19.62,1,19.62,7.72,11.9
ORD10948,2024-04-30,Laptop Stand,Accessories,South,19.3,2,38.6,14.15,24.45
ORD12926,2024-05-01,Mechanical Keyboard,Accessories,Central,60.28,1,60.28,23.0,37.28
ORD10273,2024-05-01,External SSD 1TB,Storage,West,121.68,4,486.72,94.8,391.92
ORD11555,2024-05-02,Wireless Mouse,Accessories,East,24.63,3,73.89,34.58,39.31
ORD10618,2024-05-02,Wireless Mouse,Accessories,South,28.86,1,28.86,11.91,16.95
ORD12746,2024-05-02,Webcam HD,Peripherals,West,42.14,6,252.84,80.57,172.27
ORD10653,2024-05-02,Mechanical Keyboard,Accessories,North,49.22,1,49.22,18.76,30.46
ORD10451,2024-05-03,USB-C Hub,Accessories,South,20.49,1,20.49,7.95,12.54
ORD12422,2024-05-03,Wireless Mouse,Accessories,North,22.47,2,44.94,18.42,26.52
ORD12273,2024-05-03,Laptop Stand,Accessories,West,22.13,1,22.13,8.44,13.69
ORD11341,2024-05-04,External SSD 1TB,Storage,East,101.9,1,101.9,30.6,71.3
ORD11323,2024-05-04,External SSD 1TB,Storage,Central,71.14,4,284.56,64.76,219.8
ORD12105,2024-05-05,Noise Cancelling Headphones,Audio,Central,73.2,1,73.2,26.1,47.1
ORD12547,2024-05-05,Wireless Mouse,Accessories,Central,23.85,1,23.85,10.24,13.61
ORD11404,2024-05-05,Laptop Stand,Accessories,West,18.92,1,18.92,8.77,10.15
ORD12257,2024-05-05,External SSD 1TB,Storage,North,98.44,2,196.88,57.04,139.84
ORD11457,2024-05-05,Bluetooth Speaker,Audio,South,51.26,3,153.78,56.19,97.59
ORD10677,2024-05-05,Webcam HD,Peripherals,North,56.17,5,280.85,100.45,180.4
ORD11850,2024-05-06,Wireless Mouse,Accessories,South,22.46,1,22.46,9.53,12.93
ORD10980,2024-05-06,Noise Cancelling Headphones,Audio,South,81.66,3,244.98,96.99,147.99
ORD11291,2024-05-07,Smartwatch,Wearables,South,177.2,4,708.8,324.4,384.4
ORD11032,2024-05-07,Webcam HD,Peripherals,North,41.86,5,209.3,67.33,141.97
ORD10455,2024-05-07,Bluetooth Speaker,Audio,South,35.07,1,35.07,12.0,23.07
ORD10381,2024-05-07,External SSD 1TB,Storage,South,123.07,1,123.07,31.42,91.65
ORD10446,2024-05-07,Standing Desk,Furniture,West,204.02,1,204.02,37.64,166.38
ORD10279,2024-05-08,Bluetooth Speaker,Audio,West,74.07,1,74.07,31.18,42.89
ORD11823,2024-05-08,Bluetooth Speaker,Audio,North,60.7,2,121.4,46.28,75.12
ORD10971,2024-05-08,Laptop Stand,Accessories,East,25.54,2,51.08,19.88,31.2
ORD12675,2024-05-08,Noise Cancelling Headphones,Audio,West,129.01,2,258.02,95.56,162.46
ORD10007,2024-05-08,USB-C Hub,Accessories,South,20.14,4,80.56,32.61,47.95
ORD10684,2024-05-09,Noise Cancelling Headphones,Audio,South,143.85,2,287.7,108.19,179.51
ORD12107,2024-05-09,Webcam HD,Peripherals,South,25.01,2,50.02,18.93,31.09
ORD10236,2024-05-09,Smartwatch,Wearables,East,159.42,3,478.26,194.49,283.77
ORD12789,2024-05-09,Bluetooth Speaker,Audio,West,52.32,3,156.96,50.85,106.11
ORD10724,2024-05-09,Bluetooth Speaker,Audio,East,35.43,3,106.29,41.47,64.82
ORD10704,2024-05-09,Smartwatch,Wearables,North,159.3,3,477.9,212.51,265.39
ORD11002,2024-05-09,Laptop Stand,Accessories,North,18.42,1,18.42,7.83,10.59
ORD10145,2024-05-10,Wireless Mouse,Accessories,North,15.04,1,15.04,6.52,8.52
ORD12172,2024-05-10,Laptop Stand,Accessories,Central,29.72,2,59.44,24.64,34.8
ORD12349,2024-05-11,Wireless Mouse,Accessories,West,28.23,1,28.23,12.53,15.7
ORD11294,2024-05-11,Webcam HD,Peripherals,South,32.12,2,64.24,20.76,43.48
ORD12867,2024-05-11,Smartwatch,Wearables,Central,151.77,4,607.08,274.36,332.72
ORD10116,2024-05-12,Smartwatch,Wearables,East,164.87,1,164.87,70.08,94.79
ORD10996,2024-05-12,Laptop Stand,Accessories,Central,27.73,2,55.46,21.41,34.05
ORD11873,2024-05-12,27-inch Monitor,Displays,South,305.64,3,916.92,273.67,643.25
ORD12704,2024-05-12,Bluetooth Speaker,Audio,South,54.75,2,109.5,43.48,66.02
ORD11045,2024-05-12,Laptop Stand,Accessories,Central,26.0,1,26.0,9.41,16.59
ORD10824,2024-05-12,Wireless Mouse,Accessories,South,24.58,1,24.58,9.5,15.08
ORD11820,2024-05-12,Laptop Stand,Accessories,North,22.7,1,22.7,9.73,12.97
ORD11876,2024-05-12,Webcam HD,Peripherals,West,46.91,1,46.91,17.92,28.99
ORD12026,2024-05-13,External SSD 1TB,Storage,East,73.16,2,146.32,33.66,112.66
ORD12645,2024-05-13,Bluetooth Speaker,Audio,Central,64.84,1,64.84,24.28,40.56
ORD11979,2024-05-13,Webcam HD,Peripherals,East,30.1,2,60.2,18.52,41.68
ORD11250,2024-05-13,Webcam HD,Peripherals,South,49.64,4,198.56,84.45,114.11
ORD11542,2024-05-13,Bluetooth Speaker,Audio,West,44.34,3,133.02,52.44,80.58
ORD12062,2024-05-14,Laptop Stand,Accessories,North,27.03,2,54.06,24.16,29.9
ORD11620,2024-05-14,Standing Desk,Furniture,East,434.46,1,434.46,104.16,330.3
ORD12178,2024-05-14,USB-C Hub,Accessories,East,27.12,2,54.24,24.3,29.94
ORD12556,2024-05-14,Laptop Stand,Accessories,North,24.97,3,74.91,32.83,42.08
ORD10754,2024-05-14,Laptop Stand,Accessories,North,30.32,4,121.28,49.72,71.56
ORD11176,2024-05-14,Webcam HD,Peripherals,North,52.18,3,156.54,58.28,98.26
ORD11373,2024-05-15,Wireless Mouse,Accessories,North,15.72,1,15.72,6.64,9.08
ORD12710,2024-05-15,Mechanical Keyboard,Accessories,West,43.32,3,129.96,59.64,70.32
ORD12913,2024-05-15,Laptop Stand,Accessories,North,18.91,1,18.91,7.52,11.39
ORD11923,2024-05-15,Laptop Stand,Accessories,North,21.04,4,84.16,33.98,50.18
ORD10464,2024-05-16,Laptop Stand,Accessories,East,34.28,2,68.56,30.16,38.4
ORD10104,2024-05-16,USB-C Hub,Accessories,West,29.48,2,58.96,27.03,31.93
ORD11690,2024-05-16,Mechanical Keyboard,Accessories,North,73.22,1,73.22,31.07,42.15
ORD11882,2024-05-16,Laptop Stand,Accessories,East,32.31,1,32.31,12.88,19.43
ORD10150,2024-05-16,USB-C Hub,Accessories,South,22.88,3,68.64,28.58,40.06
ORD10918,2024-05-16,Noise Cancelling Headphones,Audio,North,149.02,2,298.04,108.8,189.24
ORD12208,2024-05-16,USB-C Hub,Accessories,East,33.17,3,99.51,47.46,52.05
ORD11001,2024-05-17,Bluetooth Speaker,Audio,West,40.89,5,204.45,83.2,121.25
ORD12159,2024-05-17,Webcam HD,Peripherals,North,29.67,2,59.34,23.02,36.32
ORD11030,2024-05-17,Wireless Mouse,Accessories,West,29.05,1,29.05,12.46,16.59
ORD10082,2024-05-17,Smartwatch,Wearables,Central,139.05,1,139.05,60.26,78.79
ORD11720,2024-05-17,Laptop Stand,Accessories,South,34.41,1,34.41,15.66,18.75
ORD12373,2024-05-19,Mechanical Keyboard,Accessories,South,81.51,2,163.02,76.56,86.46
ORD11239,2024-05-19,External SSD 1TB,Storage,South,127.37,2,254.74,68.13,186.61
ORD10577,2024-05-20,Webcam HD,Peripherals,South,43.82,1,43.82,15.31,28.51
ORD10124,2024-05-20,Laptop Stand,Accessories,East,25.26,2,50.52,22.86,27.66
ORD10815,2024-05-20,Laptop Stand,Accessories,West,29.68,1,29.68,12.14,17.54
ORD10226,2024-05-20,Webcam HD,Peripherals,East,53.67,2,107.34,40.03,67.31
ORD12612,2024-05-20,Wireless Mouse,Accessories,South,17.08,2,34.16,13.62,20.54
ORD11262,2024-05-21,External SSD 1TB,Storage,West,77.05,2,154.1,34.04,120.06
ORD11038,2024-05-21,Noise Cancelling Headphones,Audio,North,64.23,2,128.46,51.0,77.46
ORD12940,2024-05-21,Laptop Stand,Accessories,North,31.56,1,31.56,13.58,17.98
ORD12295,2024-05-21,Smartwatch,Wearables,South,82.66,2,165.32,83.84,81.48
ORD12763,2024-05-21,Wireless Mouse,Accessories,Central,29.7,1,29.7,12.22,17.48
ORD10300,2024-05-21,Bluetooth Speaker,Audio,East,79.06,2,158.12,60.2,97.92
ORD11559,2024-05-21,Wireless Mouse,Accessories,North,15.25,3,45.75,17.65,28.1
ORD11117,2024-05-21,Standing Desk,Furniture,South,339.36,4,1357.44,222.51,1134.93
ORD11609,2024-05-22,External SSD 1TB,Storage,South,79.85,2,159.7,31.39,128.31
ORD11277,2024-05-22,Smartwatch,Wearables,North,122.9,1,122.9,57.01,65.89
ORD10864,2024-05-22,Laptop Stand,Accessories,North,31.45,2,62.9,24.2,38.7
ORD10325,2024-05-22,USB-C Hub,Accessories,West,20.83,4,83.32,37.81,45.51
ORD10739,2024-05-23,Laptop Stand,Accessories,West,30.73,2,61.46,28.44,33.02
ORD12290,2024-05-23,USB-C Hub,Accessories,West,33.43,1,33.43,13.75,19.68
ORD12735,2024-05-24,Laptop Stand,Accessories,East,34.32,2,68.64,32.24,36.4
ORD11980,2024-05-24,Bluetooth Speaker,Audio,North,78.76,2,157.52,60.93,96.59
ORD12320,2024-05-24,Mechanical Keyboard,Accessories,East,79.88,3,239.64,108.74,130.9
ORD12506,2024-05-25,Laptop Stand,Accessories,North,28.0,4,112.0,46.28,65.72
ORD11571,2024-05-25,Webcam HD,Peripherals,East,41.77,1,41.77,15.82,25.95
ORD11428,2024-05-25,Laptop Stand,Accessories,East,33.85,2,67.7,26.52,41.18
ORD11242,2024-05-25,Smartwatch,Wearables,North,191.58,1,191.58,89.79,101.79
ORD11646,2024-05-25,Laptop Stand,Accessories,East,26.72,4,106.88,43.42,63.46
ORD10486,2024-05-26,Laptop Stand,Accessories,South,30.74,5,153.7,63.95,89.75
ORD12748,2024-05-26,Webcam HD,Peripherals,Central,38.09,1,38.09,14.05,24.04
ORD12402,2024-05-26,Wireless Mouse,Accessories,South,24.31,3,72.93,31.01,41.92
ORD11052,2024-05-27,Webcam HD,Peripherals,West,40.9,3,122.7,42.67,80.03
ORD10460,2024-05-27,Webcam HD,Peripherals,Central,46.83,2,93.66,34.83,58.83
ORD10984,2024-05-28,Smartwatch,Wearables,South,179.07,1,179.07,84.9,94.17
ORD12564,2024-05-28,Wireless Mouse,Accessories,South,19.39,1,19.39,7.34,12.05
ORD12113,2024-05-29,Laptop Stand,Accessories,Central,23.98,1,23.98,10.47,13.51
ORD12358,2024-05-29,Smartwatch,Wearables,East,141.47,1,141.47,66.51,74.96
ORD12454,2024-05-29,Webcam HD,Peripherals,East,48.91,2,97.82,32.03,65.79
ORD11004,2024-05-29,USB-C Hub,Accessories,North,23.26,1,23.26,10.04,13.22
ORD10883,2024-05-29,Laptop Stand,Accessories,Central,26.28,4,105.12,39.97,65.15
ORD11705,2024-05-29,Webcam HD,Peripherals,Central,29.44,2,58.88,23.15,35.73
ORD11485,2024-05-30,Smartwatch,Wearables,West,126.34,2,252.68,111.9,140.78
ORD10468,2024-05-30,Wireless Mouse,Accessories,South,28.67,1,28.67,11.97,16.7
ORD10944,2024-05-31,Laptop Stand,Accessories,East,18.3,1,18.3,8.34,9.96
ORD10733,2024-05-31,Wireless Mouse,Accessories,North,28.15,2,56.3,23.4,32.9
ORD12929,2024-05-31,Wireless Mouse,Accessories,South,25.6,2,51.2,22.42,28.78
ORD11970,2024-05-31,Bluetooth Speaker,Audio,Central,44.44,2,88.88,30.98,57.9
ORD10987,2024-05-31,Bluetooth Speaker,Audio,West,60.81,3,182.43,66.21,116.22
ORD11550,2024-05-31,Webcam HD,Peripherals,West,35.04,4,140.16,43.2,96.96
ORD10793,2024-06-01,Laptop Stand,Accessories,North,26.68,1,26.68,11.04,15.64
ORD10479,2024-06-01,External SSD 1TB,Storage,North,82.96,4,331.84,93.22,238.62
ORD10392,2024-06-02,Bluetooth Speaker,Audio,Central,59.67,3,179.01,69.22,109.79
ORD11232,2024-06-02,Wireless Mouse,Accessories,South,17.71,1,17.71,7.91,9.8
ORD11688,2024-06-02,Wireless Mouse,Accessories,East,24.23,1,24.23,9.43,14.8
ORD11702,2024-06-02,Mechanical Keyboard,Accessories,West,53.63,2,107.26,42.21,65.05
ORD11265,2024-06-03,Webcam HD,Peripherals,North,58.74,1,58.74,19.74,39.0
ORD11400,2024-06-03,Smartwatch,Wearables,West,165.81,1,165.81,77.46,88.35
ORD12130,2024-06-03,Laptop Stand,Accessories,West,23.95,2,47.9,20.63,27.27
ORD12405,2024-06-03,Smartwatch,Wearables,North,139.25,3,417.75,187.8,229.95
ORD10516,2024-06-03,Noise Cancelling Headphones,Audio,West,93.58,2,187.16,74.62,112.54
ORD12050,2024-06-04,Laptop Stand,Accessories,West,34.91,2,69.82,29.01,40.81
ORD11074,2024-06-04,Noise Cancelling Headphones,Audio,Central,101.05,1,101.05,38.33,62.72
ORD10928,2024-06-04,Laptop Stand,Accessories,South,22.1,1,22.1,10.15,11.95
ORD12029,2024-06-04,Webcam HD,Peripherals,South,27.24,2,54.48,18.11,36.37
ORD12753,2024-06-04,Smartwatch,Wearables,Central,164.37,4,657.48,299.47,358.01
ORD10504,2024-06-04,Laptop Stand,Accessories,West,22.73,2,45.46,21.29,24.17
ORD11249,2024-06-05,Wireless Mouse,Accessories,North,17.38,1,17.38,7.35,10.03
ORD10178,2024-06-05,Laptop Stand,Accessories,West,32.28,2,64.56,28.48,36.08
ORD10393,2024-06-05,Smartwatch,Wearables,East,179.21,1,179.21,77.38,101.83
ORD10895,2024-06-06,Mechanical Keyboard,Accessories,South,87.04,1,87.04,41.67,45.37
ORD12719,2024-06-06,Wireless Mouse,Accessories,North,25.35,1,25.35,8.94,16.41
ORD11839,2024-06-06,Wireless Mouse,Accessories,North,15.17,3,45.51,17.57,27.94
ORD10805,2024-06-07,27-inch Monitor,Displays,North,275.2,1,275.2,68.36,206.84
ORD12946,2024-06-07,Laptop Stand,Accessories,Central,19.71,4,78.84,36.94,41.9
ORD10215,2024-06-07,Bluetooth Speaker,Audio,East,73.93,1,73.93,28.88,45.05
ORD12942,2024-06-08,Webcam HD,Peripherals,North,54.39,1,54.39,18.61,35.78
ORD11259,2024-06-08,External SSD 1TB,Storage,North,71.82,1,71.82,15.19,56.63
ORD11319,2024-06-08,Laptop Stand,Accessories,North,22.03,3,66.09,28.48,37.61
ORD11578,2024-06-09,Laptop Stand,Accessories,East,33.2,1,33.2,14.06,19.14
ORD11808,2024-06-09,Webcam HD,Peripherals,North,46.43,2,92.86,30.57,62.29
ORD12100,2024-06-09,Laptop Stand,Accessories,North,26.31,1,26.31,9.87,16.44
ORD10317,2024-06-10,Mechanical Keyboard,Accessories,North,84.1,1,84.1,32.54,51.56
ORD10803,2024-06-10,Laptop Stand,Accessories,Central,19.57,3,58.71,25.03,33.68
ORD10720,2024-06-10,Laptop Stand,Accessories,West,24.69,1,24.69,10.6,14.09
ORD12217,2024-06-10,Smartwatch,Wearables,South,126.45,3,379.35,171.54,207.81
ORD10612,2024-06-10,USB-C Hub,Accessories,North,34.85,1,34.85,14.48,20.37
ORD11964,2024-06-10,Laptop Stand,Accessories,Central,29.11,2,58.22,21.36,36.86
ORD12563,2024-06-11,Laptop Stand,Accessories,South,21.34,1,21.34,8.99,12.35
ORD12694,2024-06-11,USB-C Hub,Accessories,Central,43.02,4,172.08,66.94,105.14
ORD12145,2024-06-12,External SSD 1TB,Storage,West,121.83,1,121.83,30.61,91.22
ORD11108,2024-06-12,Laptop Stand,Accessories,North,23.66,1,23.66,10.27,13.39
ORD10369,2024-06-13,Bluetooth Speaker,Audio,East,37.4,3,112.2,40.36,71.84
ORD10365,2024-06-13,Laptop Stand,Accessories,West,27.05,1,27.05,10.53,16.52
ORD11908,2024-06-13,Laptop Stand,Accessories,South,28.43,4,113.72,51.15,62.57
ORD11006,2024-06-13,Wireless Mouse,Accessories,East,23.63,1,23.63,10.17,13.46
ORD12628,2024-06-13,Webcam HD,Peripherals,North,29.56,1,29.56,9.78,19.78
ORD10784,2024-06-13,Laptop Stand,Accessories,East,26.55,3,79.65,26.28,53.37
ORD10598,2024-06-13,Bluetooth Speaker,Audio,South,37.69,1,37.69,14.27,23.42
ORD11321,2024-06-14,Webcam HD,Peripherals,East,58.02,1,58.02,21.4,36.62
ORD12816,2024-06-14,Laptop Stand,Accessories,East,27.22,2,54.44,24.7,29.74
ORD12889,2024-06-14,Webcam HD,Peripherals,South,25.45,5,127.25,41.95,85.3
ORD11355,2024-06-16,Webcam HD,Peripherals,North,58.27,2,116.54,38.54,78.0
ORD12605,2024-06-16,Laptop Stand,Accessories,North,34.34,2,68.68,27.93,40.75
ORD12075,2024-06-16,External SSD 1TB,Storage,South,101.46,1,101.46,27.92,73.54
ORD11544,2024-06-16,Laptop Stand,Accessories,West,23.4,3,70.2,27.01,43.19
ORD11411,2024-06-16,Laptop Stand,Accessories,East,25.45,1,25.45,10.6,14.85
ORD10675,2024-06-16,Mechanical Keyboard,Accessories,North,68.69,1,68.69,26.94,41.75
ORD12703,2024-06-17,Wireless Mouse,Accessories,East,29.7,2,59.4,25.43,33.97
ORD12987,2024-06-17,Laptop Stand,Accessories,West,29.08,10,290.8,108.57,182.23
ORD12984,2024-06-17,27-inch Monitor,Displays,North,263.16,2,526.32,153.31,373.01
ORD11173,2024-06-17,Laptop Stand,Accessories,South,29.87,2,59.74,24.2,35.54
ORD10778,2024-06-18,Noise Cancelling Headphones,Audio,South,61.5,2,123.0,45.91,77.09
ORD10404,2024-06-19,External SSD 1TB,Storage,North,72.5,3,217.5,57.81,159.69
ORD10545,2024-06-19,Wireless Mouse,Accessories,Central,18.07,2,36.14,16.42,19.72
ORD10152,2024-06-19,Laptop Stand,Accessories,South,30.32,1,30.32,11.19,19.13
ORD11395,2024-06-19,Webcam HD,Peripherals,South,55.79,1,55.79,21.21,34.58
ORD12862,2024-06-19,Laptop Stand,Accessories,South,27.21,1,27.21,11.88,15.33
ORD11761,2024-06-19,27-inch Monitor,Displays,North,223.39,2,446.78,121.15,325.63
ORD10871,2024-06-20,Mechanical Keyboard,Accessories,West,69.04,4,276.16,127.62,148.54
ORD12034,2024-06-20,External SSD 1TB,Storage,North,128.35,1,128.35,32.81,95.54
ORD12738,2024-06-21,Laptop Stand,Accessories,South,25.82,3,77.46,35.54,41.92
ORD12341,2024-06-21,Laptop Stand,Accessories,East,28.15,4,112.6,45.29,67.31
ORD10819,2024-06-21,Wireless Mouse,Accessories,East,18.91,2,37.82,14.9,22.92
ORD12382,2024-06-21,Wireless Mouse,Accessories,South,19.9,1,19.9,9.09,10.81
ORD12326,2024-06-22,Smartwatch,Wearables,North,150.96,1,150.96,77.73,73.23
ORD12846,2024-06-22,Bluetooth Speaker,Audio,West,67.54,1,67.54,26.95,40.59
ORD12859,2024-06-22,Bluetooth Speaker,Audio,West,64.95,3,194.85,79.25,115.6
ORD12451,2024-06-22,External SSD 1TB,Storage,North,95.82,3,287.46,67.78,219.68
ORD11722,2024-06-22,Smartwatch,Wearables,Central,138.61,2,277.22,113.73,163.49
ORD11167,2024-06-23,Mechanical Keyboard,Accessories,North,45.35,3,136.05,56.22,79.83
ORD12868,2024-06-23,Laptop Stand,Accessories,East,32.23,2,64.46,29.97,34.49
ORD11527,2024-06-23,Laptop Stand,Accessories,North,31.59,3,94.77,34.51,60.26
ORD12899,2024-06-23,Smartwatch,Wearables,South,142.61,1,142.61,62.06,80.55
ORD12993,2024-06-23,Mechanical Keyboard,Accessories,West,87.32,1,87.32,31.66,55.66
ORD11308,2024-06-23,Bluetooth Speaker,Audio,South,67.4,2,134.8,51.66,83.14
ORD10126,2024-06-23,Webcam HD,Peripherals,South,43.71,3,131.13,49.33,81.8
ORD11845,2024-06-23,Gaming Chair,Furniture,North,273.05,1,273.05,49.89,223.16
ORD10596,2024-06-23,External SSD 1TB,Storage,South,75.01,2,150.02,35.66,114.36
ORD11171,2024-06-23,Laptop Stand,Accessories,South,28.3,3,84.9,39.03,45.87
ORD10465,2024-06-24,Noise Cancelling Headphones,Audio,West,104.82,3,314.46,118.66,195.8
ORD11381,2024-06-24,Wireless Mouse,Accessories,South,26.96,1,26.96,10.32,16.64
ORD12207,2024-06-25,Laptop Stand,Accessories,East,29.15,6,174.9,66.55,108.35
ORD12164,2024-06-25,USB-C Hub,Accessories,North,31.83,2,63.66,22.89,40.77
ORD10968,2024-06-25,Bluetooth Speaker,Audio,East,62.9,6,377.4,152.17,225.23
ORD10540,2024-06-25,Bluetooth Speaker,Audio,North,58.66,2,117.32,41.96,75.36
ORD10071,2024-06-26,27-inch Monitor,Displays,North,211.26,1,211.26,65.81,145.45
ORD11023,2024-06-26,Mechanical Keyboard,Accessories,South,44.27,2,88.54,39.49,49.05
ORD12593,2024-06-26,27-inch Monitor,Displays,South,272.61,2,545.22,141.87,403.35
ORD11453,2024-06-26,Laptop Stand,Accessories,West,21.66,1,21.66,8.75,12.91
ORD10685,2024-06-27,Standing Desk,Furniture,North,237.84,1,237.84,57.88,179.96
ORD10718,2024-06-27,Laptop Stand,Accessories,South,30.54,1,30.54,12.96,17.58
ORD12813,2024-06-27,Standing Desk,Furniture,Central,427.37,1,427.37,97.46,329.91
ORD11580,2024-06-27,Webcam HD,Peripherals,South,47.39,1,47.39,14.24,33.15
ORD12797,2024-06-27,Standing Desk,Furniture,South,347.63,1,347.63,85.84,261.79
ORD12288,2024-06-28,USB-C Hub,Accessories,South,35.64,3,106.92,42.1,64.82
ORD10951,2024-06-28,Noise Cancelling Headphones,Audio,North,134.21,1,134.21,41.86,92.35
ORD11946,2024-06-29,External SSD 1TB,Storage,South,94.88,1,94.88,21.96,72.92
ORD10607,2024-06-29,Bluetooth Speaker,Audio,North,42.65,1,42.65,16.75,25.9
ORD11279,2024-06-29,Bluetooth Speaker,Audio,South,69.6,1,69.6,30.83,38.77
ORD10827,2024-06-29,Mechanical Keyboard,Accessories,North,77.11,2,154.22,63.05,91.17
ORD10609,2024-06-30,Webcam HD,Peripherals,West,48.89,2,97.78,30.32,67.46
ORD12652,2024-06-30,Bluetooth Speaker,Audio,South,72.64,1,72.64,32.23,40.41
ORD10962,2024-06-30,Wireless Mouse,Accessories,West,25.95,3,77.85,33.07,44.78
ORD12742,2024-06-30,Noise Cancelling Headphones,Audio,North,110.9,1,110.9,41.27,69.63
ORD10064,2024-06-30,Bluetooth Speaker,Audio,South,42.44,2,84.88,29.51,55.37
ORD12324,2024-07-01,Laptop Stand,Accessories,South,19.73,1,19.73,7.69,12.04
ORD10345,2024-07-01,External SSD 1TB,Storage,North,99.61,2,199.22,58.64,140.58
ORD10744,2024-07-01,Bluetooth Speaker,Audio,North,68.49,3,205.47,76.41,129.06
ORD12959,2024-07-02,Webcam HD,Peripherals,North,29.12,5,145.6,48.61,96.99
ORD12947,2024-07-02,External SSD 1TB,Storage,East,84.5,4,338.0,79.33,258.67
ORD10794,2024-07-02,Smartwatch,Wearables,West,193.36,3,580.08,288.32,291.76
ORD12120,2024-07-02,Laptop Stand,Accessories,South,29.61,3,88.83,35.74,53.09
ORD11828,2024-07-02,Bluetooth Speaker,Audio,East,54.27,1,54.27,21.65,32.62
ORD12452,2024-07-02,Webcam HD,Peripherals,East,30.31,1,30.31,10.85,19.46
ORD12345,2024-07-02,Standing Desk,Furniture,South,244.31,2,488.62,111.0,377.62
ORD11512,2024-07-02,External SSD 1TB,Storage,North,70.93,2,141.86,31.73,110.13
ORD12610,2024-07-03,Webcam HD,Peripherals,West,48.86,2,97.72,36.13,61.59
ORD10209,2024-07-03,Webcam HD,Peripherals,North,33.9,2,67.8,27.0,40.8
ORD11584,2024-07-03,Smartwatch,Wearables,North,184.92,1,184.92,82.92,102.0
ORD11073,2024-07-04,27-inch Monitor,Displays,South,232.11,3,696.33,175.76,520.57
ORD11575,2024-07-04,Smartwatch,Wearables,South,142.54,3,427.62,175.86,251.76
ORD11295,2024-07-05,Standing Desk,Furniture,North,432.78,1,432.78,97.69,335.09
ORD10604,2024-07-05,Laptop Stand,Accessories,Central,25.27,3,75.81,31.22,44.59
ORD12428,2024-07-05,Laptop Stand,Accessories,Central,19.65,1,19.65,8.19,11.46
ORD10592,2024-07-05,Webcam HD,Peripherals,East,25.4,2,50.8,17.8,33.0
ORD10578,2024-07-05,Wireless Mouse,Accessories,East,28.61,1,28.61,10.75,17.86
ORD11747,2024-07-05,Webcam HD,Peripherals,North,43.69,1,43.69,16.32,27.37
ORD10854,2024-07-06,USB-C Hub,Accessories,North,27.59,1,27.59,11.78,15.81
ORD12765,2024-07-06,Noise Cancelling Headphones,Audio,Central,101.7,2,203.4,76.84,126.56
ORD12060,2024-07-06,External SSD 1TB,Storage,South,81.04,1,81.04,20.82,60.22
ORD10285,2024-07-06,Bluetooth Speaker,Audio,East,34.65,3,103.95,42.39,61.56
ORD10834,2024-07-06,Bluetooth Speaker,Audio,Central,77.34,1,77.34,29.51,47.83
ORD10693,2024-07-07,Mechanical Keyboard,Accessories,Central,87.62,3,262.86,103.7,159.16
ORD10738,2024-07-07,Bluetooth Speaker,Audio,North,52.3,1,52.3,21.7,30.6
ORD11569,2024-07-08,Wireless Mouse,Accessories,West,28.38,1,28.38,11.55,16.83
ORD11240,2024-07-08,Bluetooth Speaker,Audio,North,40.74,1,40.74,14.59,26.15
ORD10000,2024-07-08,Wireless Mouse,Accessories,South,24.28,4,97.12,36.24,60.88
ORD11193,2024-07-09,External SSD 1TB,Storage,West,87.86,1,87.86,21.99,65.87
ORD10938,2024-07-09,Laptop Stand,Accessories,North,18.63,5,93.15,36.2,56.95
ORD12204,2024-07-09,Smartwatch,Wearables,West,121.46,2,242.92,105.53,137.39
ORD12363,2024-07-09,USB-C Hub,Accessories,Central,27.78,3,83.34,36.13,47.21
ORD12520,2024-07-09,Laptop Stand,Accessories,Central,31.81,3,95.43,40.18,55.25
ORD12018,2024-07-10,Laptop Stand,Accessories,South,32.55,1,32.55,14.66,17.89
ORD10745,2024-07-10,USB-C Hub,Accessories,East,22.7,3,68.1,29.23,38.87
ORD11789,2024-07-10,Bluetooth Speaker,Audio,North,57.33,2,114.66,42.18,72.48
ORD11602,2024-07-11,USB-C Hub,Accessories,North,35.85,4,143.4,58.81,84.59
ORD10448,2024-07-11,Laptop Stand,Accessories,Central,26.2,1,26.2,10.61,15.59
ORD12591,2024-07-11,USB-C Hub,Accessories,West,28.11,1,28.11,12.35,15.76
ORD11601,2024-07-11,Wireless Mouse,Accessories,West,29.95,2,59.9,25.2,34.7
ORD12989,2024-07-11,Mechanical Keyboard,Accessories,South,68.07,2,136.14,55.5,80.64
ORD12469,2024-07-11,Mechanical Keyboard,Accessories,South,48.89,4,195.56,87.09,108.47
ORD11443,2024-07-12,Noise Cancelling Headphones,Audio,South,130.42,2,260.84,99.87,160.97
ORD12891,2024-07-12,Laptop Stand,Accessories,South,27.64,2,55.28,22.45,32.83
ORD10579,2024-07-12,Webcam HD,Peripherals,Central,33.1,3,99.3,30.25,69.05
ORD12415,2024-07-12,27-inch Monitor,Displays,North,221.13,2,442.26,129.64,312.62
ORD10164,2024-07-13,Smartwatch,Wearables,South,183.46,3,550.38,251.61,298.77
ORD11833,2024-07-13,Bluetooth Speaker,Audio,East,68.81,3,206.43,78.76,127.67
ORD10085,2024-07-13,Webcam HD,Peripherals,West,59.06,1,59.06,19.9,39.16
ORD12249,2024-07-14,Noise Cancelling Headphones,Audio,North,141.31,1,141.31,50.16,91.15
ORD12863,2024-07-14,External SSD 1TB,Storage,East,117.82,1,117.82,28.65,89.17
ORD11766,2024-07-14,Bluetooth Speaker,Audio,East,44.53,3,133.59,51.69,81.9
ORD11467,2024-07-14,Laptop Stand,Accessories,North,23.18,2,46.36,19.29,27.07
ORD11585,2024-07-14,Wireless Mouse,Accessories,South,16.65,1,16.65,6.92,9.73
ORD10808,2024-07-14,Laptop Stand,Accessories,South,18.05,3,54.15,21.98,32.17
ORD11877,2024-07-15,Noise Cancelling Headphones,Audio,South,117.86,2,235.72,91.97,143.75
ORD11791,2024-07-16,Wireless Mouse,Accessories,North,25.43,2,50.86,21.72,29.14
ORD11519,2024-07-16,Laptop Stand,Accessories,South,32.63,3,97.89,38.9,58.99
ORD11674,2024-07-16,Webcam HD,Peripherals,East,50.88,2,101.76,37.94,63.82
ORD10893,2024-07-16,Webcam HD,Peripherals,East,26.3,1,26.3,9.83,16.47
ORD11649,2024-07-16,Bluetooth Speaker,Audio,South,54.46,1,54.46,22.02,32.44
ORD11417,2024-07-17,Laptop Stand,Accessories,North,26.56,2,53.12,22.1,31.02
ORD11632,2024-07-17,Wireless Mouse,Accessories,South,24.65,3,73.95,30.63,43.32
ORD11318,2024-07-17,Laptop Stand,Accessories,South,32.38,3,97.14,37.42,59.72
ORD10779,2024-07-17,27-inch Monitor,Displays,West,308.78,1,308.78,93.45,215.33
ORD12342,2024-07-17,Wireless Mouse,Accessories,Central,24.25,2,48.5,17.26,31.24
ORD12199,2024-07-17,Laptop Stand,Accessories,South,18.83,3,56.49,23.06,33.43
ORD10431,2024-07-17,Standing Desk,Furniture,North,436.61,4,1746.44,366.41,1380.03
ORD12976,2024-07-18,External SSD 1TB,Storage,North,115.8,1,115.8,31.92,83.88
ORD10364,2024-07-19,Smartwatch,Wearables,East,114.61,3,343.83,154.72,189.11
ORD12321,2024-07-19,Laptop Stand,Accessories,East,21.49,1,21.49,8.4,13.09
ORD11009,2024-07-19,Webcam HD,Peripherals,Central,55.16,3,165.48,50.83,114.65
ORD10072,2024-07-19,Laptop Stand,Accessories,Central,31.83,1,31.83,12.67,19.16
ORD10335,2024-07-19,Smartwatch,Wearables,South,160.3,4,641.2,290.59,350.61
ORD10022,2024-07-19,Laptop Stand,Accessories,East,21.17,1,21.17,8.93,12.24
ORD12335,2024-07-20,Laptop Stand,Accessories,East,25.28,4,101.12,41.87,59.25
ORD11926,2024-07-20,Wireless Mouse,Accessories,East,26.27,1,26.27,10.49,15.78
ORD12230,2024-07-20,Laptop Stand,Accessories,South,27.97,2,55.94,23.14,32.8
ORD11529,2024-07-20,Bluetooth Speaker,Audio,West,79.21,1,79.21,32.47,46.74
ORD10440,2024-07-20,Wireless Mouse,Accessories,South,19.04,2,38.08,14.74,23.34
ORD11605,2024-07-20,Webcam HD,Peripherals,North,47.8,1,47.8,16.78,31.02
ORD10351,2024-07-20,Laptop Stand,Accessories,East,28.09,1,28.09,13.16,14.93
ORD10021,2024-07-21,Laptop Stand,Accessories,West,22.12,4,88.48,38.63,49.85
ORD11716,2024-07-21,Wireless Mouse,Accessories,East,18.23,3,54.69,22.22,32.47
ORD12756,2024-07-21,27-inch Monitor,Displays,South,253.31,5,1266.55,379.75,886.8
ORD12857,2024-07-21,Wireless Mouse,Accessories,East,25.12,1,25.12,9.98,15.14
ORD12057,2024-07-21,External SSD 1TB,Storage,East,79.82,2,159.64,39.94,119.7
ORD12633,2024-07-21,Webcam HD,Peripherals,West,44.93,1,44.93,17.82,27.11
ORD10994,2024-07-21,Laptop Stand,Accessories,West,33.28,3,99.84,47.61,52.23
ORD11320,2024-07-21,Laptop Stand,Accessories,East,27.08,2,54.16,19.97,34.19
ORD12432,2024-07-21,Gaming Chair,Furniture,West,208.27,5,1041.35,250.97,790.38
ORD10506,2024-07-22,Mechanical Keyboard,Accessories,South,50.86,1,50.86,24.33,26.53
ORD11399,2024-07-22,Wireless Mouse,Accessories,North,18.7,3,56.1,22.64,33.46
ORD10378,2024-07-22,External SSD 1TB,Storage,Central,86.73,2,173.46,44.71,128.75
ORD10947,2024-07-23,Webcam HD,Peripherals,East,47.67,1,47.67,18.84,28.83
ORD11087,2024-07-23,Laptop Stand,Accessories,North,30.66,1,30.66,12.42,18.24
ORD11746,2024-07-23,Mechanical Keyboard,Accessories,North,51.65,1,51.65,22.39,29.26
ORD12479,2024-07-24,Mechanical Keyboard,Accessories,South,53.54,1,53.54,22.39,31.15
ORD10621,2024-07-24,Mechanical Keyboard,Accessories,North,40.0,2,80.0,28.98,51.02
ORD10208,2024-07-24,Bluetooth Speaker,Audio,South,49.87,2,99.74,38.94,60.8
ORD11901,2024-07-25,Webcam HD,Peripherals,North,29.27,1,29.27,10.08,19.19
ORD10326,2024-07-25,27-inch Monitor,Displays,South,304.22,2,608.44,187.3,421.14
ORD12512,2024-07-25,Wireless Mouse,Accessories,East,23.6,2,47.2,22.79,24.41
ORD10080,2024-07-25,Bluetooth Speaker,Audio,North,61.97,6,371.82,148.92,222.9
ORD10505,2024-07-25,Bluetooth Speaker,Audio,West,68.04,1,68.04,25.11,42.93
ORD11261,2024-07-25,27-inch Monitor,Displays,West,185.16,2,370.32,108.69,261.63
ORD10027,2024-07-26,Standing Desk,Furniture,North,421.77,2,843.54,190.69,652.85
ORD11215,2024-07-26,Mechanical Keyboard,Accessories,South,75.18,3,225.54,101.65,123.89
ORD11507,2024-07-26,USB-C Hub,Accessories,East,24.04,3,72.12,27.18,44.94
ORD12350,2024-07-26,Smartwatch,Wearables,West,162.29,3,486.87,202.06,284.81
ORD10905,2024-07-26,Bluetooth Speaker,Audio,West,73.68,1,73.68,23.48,50.2
ORD11421,2024-07-27,USB-C Hub,Accessories,North,26.07,2,52.14,22.85,29.29
ORD11807,2024-07-27,Webcam HD,Peripherals,South,26.81,1,26.81,9.37,17.44
ORD12115,2024-07-27,USB-C Hub,Accessories,North,32.35,2,64.7,25.93,38.77
ORD11463,2024-07-27,Standing Desk,Furniture,North,210.31,1,210.31,41.69,168.62
ORD12567,2024-07-27,Webcam HD,Peripherals,West,27.81,2,55.62,18.51,37.11
ORD12224,2024-07-27,Laptop Stand,Accessories,West,27.78,1,27.78,10.89,16.89
ORD12166,2024-07-28,Smartwatch,Wearables,Central,120.85,3,362.55,159.65,202.9
ORD10175,2024-07-28,External SSD 1TB,Storage,West,128.41,2,256.82,60.4,196.42
ORD10722,2024-07-29,Laptop Stand,Accessories,North,25.03,1,25.03,11.56,13.47
ORD10795,2024-07-29,Noise Cancelling Headphones,Audio,East,111.32,3,333.96,130.14,203.82
ORD12233,2024-07-30,Bluetooth Speaker,Audio,Central,55.65,5,278.25,98.9,179.35
ORD12522,2024-07-30,Webcam HD,Peripherals,South,45.46,3,136.38,45.34,91.04
ORD10068,2024-07-31,Smartwatch,Wearables,South,88.86,4,355.44,172.73,182.71
ORD10969,2024-07-31,Bluetooth Speaker,Audio,North,61.49,3,184.47,72.6,111.87
ORD11115,2024-07-31,Standing Desk,Furniture,South,314.66,2,629.32,144.02,485.3
ORD12620,2024-07-31,Bluetooth Speaker,Audio,Central,60.76,2,121.52,48.8,72.72
ORD10480,2024-07-31,Standing Desk,Furniture,Central,219.41,3,658.23,176.13,482.1
ORD12263,2024-07-31,Webcam HD,Peripherals,North,26.25,2,52.5,16.46,36.04
ORD12837,2024-07-31,Mechanical Keyboard,Accessories,South,40.1,4,160.4,63.78,96.62
ORD12234,2024-08-01,27-inch Monitor,Displays,Central,192.48,3,577.44,131.53,445.91
ORD10475,2024-08-01,Laptop Stand,Accessories,West,18.95,2,37.9,16.48,21.42
ORD11402,2024-08-01,Laptop Stand,Accessories,East,30.99,1,30.99,12.66,18.33
ORD11914,2024-08-02,Webcam HD,Peripherals,South,56.37,1,56.37,18.59,37.78
ORD12658,2024-08-02,Mechanical Keyboard,Accessories,South,75.71,1,75.71,30.07,45.64
ORD11834,2024-08-02,Laptop Stand,Accessories,West,34.83,2,69.66,30.7,38.96
ORD12354,2024-08-03,Wireless Mouse,Accessories,Central,21.25,3,63.75,26.5,37.25
ORD10414,2024-08-03,Bluetooth Speaker,Audio,West,56.94,1,56.94,20.73,36.21
ORD12618,2024-08-03,Noise Cancelling Headphones,Audio,South,140.89,5,704.45,294.22,410.23
ORD12966,2024-08-03,Laptop Stand,Accessories,West,23.45,4,93.8,36.45,57.35
ORD12082,2024-08-03,External SSD 1TB,Storage,West,100.94,2,201.88,42.81,159.07
ORD10373,2024-08-03,Laptop Stand,Accessories,South,28.3,4,113.2,56.36,56.84
ORD10112,2024-08-03,Webcam HD,Peripherals,West,42.58,2,85.16,28.87,56.29
ORD10636,2024-08-04,Laptop Stand,Accessories,West,24.58,3,73.74,29.77,43.97
ORD11370,2024-08-04,Noise Cancelling Headphones,Audio,West,96.16,5,480.8,172.21,308.59
ORD12319,2024-08-04,External SSD 1TB,Storage,Central,87.4,3,262.2,64.47,197.73
ORD10508,2024-08-04,Standing Desk,Furniture,East,422.03,5,2110.15,513.78,1596.37
ORD11329,2024-08-04,Laptop Stand,Accessories,North,19.69,3,59.07,26.14,32.93
ORD10321,2024-08-05,Wireless Mouse,Accessories,South,18.6,1,18.6,8.12,10.48
ORD10212,2024-08-05,Laptop Stand,Accessories,North,18.3,3,54.9,22.6,32.3
ORD11840,2024-08-05,Bluetooth Speaker,Audio,South,54.81,2,109.62,36.76,72.86
ORD10161,2024-08-05,Wireless Mouse,Accessories,East,29.36,3,88.08,37.74,50.34
ORD12887,2024-08-06,Smartwatch,Wearables,West,87.66,2,175.32,86.88,88.44
ORD11418,2024-08-07,Noise Cancelling Headphones,Audio,East,101.78,3,305.34,125.82,179.52
ORD11899,2024-08-07,Mechanical Keyboard,Accessories,West,64.41,3,193.23,80.18,113.05
ORD11862,2024-08-07,Laptop Stand,Accessories,West,34.97,4,139.88,62.12,77.76
ORD10046,2024-08-07,Wireless Mouse,Accessories,South,15.61,3,46.83,19.13,27.7
ORD10844,2024-08-07,Bluetooth Speaker,Audio,South,64.35,3,193.05,73.04,120.01
ORD10538,2024-08-07,Mechanical Keyboard,Accessories,East,82.71,3,248.13,95.03,153.1
ORD11289,2024-08-07,Laptop Stand,Accessories,East,32.42,1,32.42,13.31,19.11
ORD10631,2024-08-07,Standing Desk,Furniture,South,402.48,3,1207.44,270.73,936.71
ORD10651,2024-08-07,Wireless Mouse,Accessories,West,22.18,1,22.18,9.2,12.98
ORD11536,2024-08-07,Wireless Mouse,Accessories,Central,27.68,2,55.36,24.53,30.83
ORD10940,2024-08-08,Smartwatch,Wearables,East,160.5,5,802.5,406.47,396.03
ORD10432,2024-08-08,27-inch Monitor,Displays,East,200.27,1,200.27,64.02,136.25
ORD11991,2024-08-08,Smartwatch,Wearables,East,141.53,2,283.06,124.79,158.27
ORD11931,2024-08-08,External SSD 1TB,Storage,South,82.81,3,248.43,56.66,191.77
ORD11588,2024-08-08,Laptop Stand,Accessories,South,22.36,2,44.72,17.91,26.81
ORD12872,2024-08-09,Bluetooth Speaker,Audio,South,57.68,3,173.04,60.68,112.36
ORD10332,2024-08-09,Webcam HD,Peripherals,Central,27.26,3,81.78,28.71,53.07
ORD11719,2024-08-09,Bluetooth Speaker,Audio,West,54.13,2,108.26,42.51,65.75
ORD12466,2024-08-10,Bluetooth Speaker,Audio,South,60.6,1,60.6,23.36,37.24
ORD10955,2024-08-10,Laptop Stand,Accessories,East,19.02,2,38.04,16.2,21.84
ORD11292,2024-08-11,27-inch Monitor,Displays,North,195.06,2,390.12,111.09,279.03
ORD10599,2024-08-11,Noise Cancelling Headphones,Audio,South,65.1,1,65.1,24.48,40.62
ORD11844,2024-08-11,Wireless Mouse,Accessories,North,19.09,3,57.27,22.78,34.49
ORD11917,2024-08-11,Webcam HD,Peripherals,West,30.06,2,60.12,24.15,35.97
ORD12821,2024-08-12,Laptop Stand,Accessories,West,18.49,3,55.47,25.04,30.43
ORD12447,2024-08-12,Bluetooth Speaker,Audio,North,75.76,1,75.76,26.72,49.04
ORD11846,2024-08-13,Bluetooth Speaker,Audio,East,37.51,2,75.02,26.47,48.55
ORD10885,2024-08-13,Bluetooth Speaker,Audio,Central,50.95,1,50.95,18.46,32.49
ORD10398,2024-08-14,Laptop Stand,Accessories,East,18.89,4,75.56,31.81,43.75
ORD10142,2024-08-14,Smartwatch,Wearables,South,127.6,1,127.6,62.24,65.36
ORD11252,2024-08-14,Mechanical Keyboard,Accessories,West,57.03,2,114.06,51.38,62.68
ORD12117,2024-08-15,Standing Desk,Furniture,East,382.98,1,382.98,96.52,286.46
ORD12873,2024-08-15,Bluetooth Speaker,Audio,North,62.77,3,188.31,77.7,110.61
ORD11724,2024-08-15,Bluetooth Speaker,Audio,North,55.36,3,166.08,68.62,97.46
ORD11704,2024-08-15,Webcam HD,Peripherals,Central,40.27,3,120.81,44.95,75.86
ORD11143,2024-08-16,Mechanical Keyboard,Accessories,South,74.46,1,74.46,32.29,42.17
ORD10977,2024-08-16,Webcam HD,Peripherals,North,56.56,1,56.56,19.59,36.97
ORD12242,2024-08-16,Standing Desk,Furniture,East,340.11,3,1020.33,171.1,849.23
ORD12952,2024-08-16,Laptop Stand,Accessories,West,21.33,4,85.32,35.5,49.82
ORD11782,2024-08-16,Smartwatch,Wearables,Central,109.36,3,328.08,165.37,162.71
ORD12460,2024-08-16,External SSD 1TB,Storage,South,80.18,2,160.36,37.49,122.87
ORD11062,2024-08-16,External SSD 1TB,Storage,North,72.62,2,145.24,33.58,111.66
ORD12903,2024-08-16,External SSD 1TB,Storage,Central,113.72,4,454.88,127.6,327.28
ORD10105,2024-08-16,USB-C Hub,Accessories,East,24.09,1,24.09,10.18,13.91
ORD10235,2024-08-17,Webcam HD,Peripherals,North,48.8,1,48.8,16.38,32.42
ORD10581,2024-08-17,Webcam HD,Peripherals,West,48.71,3,146.13,57.97,88.16
ORD10836,2024-08-17,Laptop Stand,Accessories,North,18.97,2,37.94,16.65,21.29
ORD12638,2024-08-18,Smartwatch,Wearables,East,158.61,1,158.61,74.98,83.63
ORD12817,2024-08-18,External SSD 1TB,Storage,North,110.31,3,330.93,77.13,253.8
ORD10865,2024-08-18,27-inch Monitor,Displays,North,260.89,2,521.78,153.88,367.9
ORD12260,2024-08-18,Laptop Stand,Accessories,North,20.77,2,41.54,17.92,23.62
ORD11890,2024-08-18,Bluetooth Speaker,Audio,North,58.39,2,116.78,47.1,69.68
ORD12503,2024-08-19,Noise Cancelling Headphones,Audio,West,99.53,2,199.06,82.51,116.55
ORD10916,2024-08-19,27-inch Monitor,Displays,East,171.01,1,171.01,53.66,117.35
ORD12279,2024-08-19,Wireless Mouse,Accessories,North,21.87,2,43.74,18.59,25.15
ORD11276,2024-08-19,Laptop Stand,Accessories,North,26.73,2,53.46,23.56,29.9
ORD10690,2024-08-19,External SSD 1TB,Storage,West,74.94,4,299.76,64.64,235.12
ORD10759,2024-08-19,Smartwatch,Wearables,South,110.11,1,110.11,51.68,58.43
ORD10265,2024-08-19,Laptop Stand,Accessories,North,23.04,3,69.12,30.45,38.67
ORD12689,2024-08-19,Bluetooth Speaker,Audio,East,42.65,5,213.25,78.55,134.7
ORD10344,2024-08-20,Laptop Stand,Accessories,South,19.48,1,19.48,7.73,11.75
ORD12250,2024-08-20,Laptop Stand,Accessories,North,27.09,1,27.09,11.33,15.76
ORD10087,2024-08-20,Laptop Stand,Accessories,South,33.2,1,33.2,12.74,20.46
ORD11910,2024-08-21,Smartwatch,Wearables,North,171.48,3,514.44,236.76,277.68
ORD12046,2024-08-21,Laptop Stand,Accessories,Central,32.9,1,32.9,14.11,18.79
ORD10523,2024-08-21,Bluetooth Speaker,Audio,South,60.15,3,180.45,63.44,117.01
ORD12626,2024-08-21,Smartwatch,Wearables,West,191.29,1,191.29,86.35,104.94
ORD10512,2024-08-22,Wireless Mouse,Accessories,North,29.08,2,58.16,26.29,31.87
ORD10919,2024-08-22,Smartwatch,Wearables,North,176.27,2,352.54,169.88,182.66
ORD11637,2024-08-22,Smartwatch,Wearables,West,100.58,2,201.16,96.62,104.54
ORD10396,2024-08-22,Noise Cancelling Headphones,Audio,West,146.94,4,587.76,220.7,367.06
ORD10484,2024-08-22,Bluetooth Speaker,Audio,East,74.08,1,74.08,27.4,46.68
ORD12723,2024-08-22,Laptop Stand,Accessories,Central,24.94,1,24.94,10.18,14.76
ORD10079,2024-08-23,Webcam HD,Peripherals,North,55.68,1,55.68,20.48,35.2
ORD10184,2024-08-23,27-inch Monitor,Displays,East,244.93,1,244.93,85.86,159.07
ORD11369,2024-08-23,Webcam HD,Peripherals,North,53.64,2,107.28,42.07,65.21
ORD10695,2024-08-24,Wireless Mouse,Accessories,West,25.76,3,77.28,36.13,41.15
ORD10588,2024-08-24,Webcam HD,Peripherals,North,40.48,4,161.92,63.23,98.69
ORD11435,2024-08-24,Mechanical Keyboard,Accessories,North,85.74,1,85.74,31.86,53.88
ORD10611,2024-08-24,Webcam HD,Peripherals,West,54.73,1,54.73,18.83,35.9
ORD12823,2024-08-25,Mechanical Keyboard,Accessories,East,62.82,1,62.82,25.57,37.25
ORD11864,2024-08-25,Laptop Stand,Accessories,North,20.93,4,83.72,38.3,45.42
ORD11452,2024-08-25,Laptop Stand,Accessories,North,27.43,2,54.86,25.82,29.04
ORD11770,2024-08-25,Mechanical Keyboard,Accessories,East,42.11,5,210.55,84.24,126.31
ORD12957,2024-08-25,Smartwatch,Wearables,North,122.84,2,245.68,110.84,134.84
ORD12298,2024-08-25,Bluetooth Speaker,Audio,West,37.38,2,74.76,29.66,45.1
ORD12774,2024-08-26,Laptop Stand,Accessories,South,25.73,1,25.73,10.43,15.3
ORD12271,2024-08-26,Webcam HD,Peripherals,East,44.59,1,44.59,14.77,29.82
ORD10780,2024-08-26,Laptop Stand,Accessories,West,34.64,4,138.56,55.38,83.18
ORD12642,2024-08-27,Laptop Stand,Accessories,North,21.17,3,63.51,28.36,35.15
ORD12281,2024-08-27,External SSD 1TB,Storage,East,86.29,1,86.29,19.22,67.07
ORD12501,2024-08-27,Wireless Mouse,Accessories,West,28.12,3,84.36,38.3,46.06
ORD12473,2024-08-27,Mechanical Keyboard,Accessories,South,46.5,3,139.5,58.95,80.55
ORD12614,2024-08-28,Noise Cancelling Headphones,Audio,North,96.61,3,289.83,116.67,173.16
ORD12822,2024-08-28,Bluetooth Speaker,Audio,South,66.05,1,66.05,28.16,37.89
ORD11659,2024-08-28,Smartwatch,Wearables,South,175.35,1,175.35,75.39,99.96
ORD10676,2024-08-28,Laptop Stand,Accessories,South,20.13,2,40.26,15.92,24.34
ORD12515,2024-08-28,Laptop Stand,Accessories,West,29.8,3,89.4,38.69,50.71
ORD12536,2024-08-28,Laptop Stand,Accessories,West,23.39,3,70.17,27.3,42.87
ORD10966,2024-08-29,Smartwatch,Wearables,East,131.64,2,263.28,112.71,150.57
ORD11988,2024-08-29,Smartwatch,Wearables,East,178.86,1,178.86,79.88,98.98
ORD11819,2024-08-29,Webcam HD,Peripherals,South,39.11,3,117.33,41.62,75.71
ORD10850,2024-08-30,27-inch Monitor,Displays,South,176.65,3,529.95,128.62,401.33
ORD12820,2024-08-30,Laptop Stand,Accessories,North,19.16,1,19.16,7.83,11.33
ORD10926,2024-08-30,Laptop Stand,Accessories,Central,24.28,2,48.56,21.24,27.32
ORD11241,2024-08-30,Laptop Stand,Accessories,North,25.11,2,50.22,23.12,27.1
ORD12302,2024-08-31,Laptop Stand,Accessories,West,24.21,4,96.84,34.98,61.86
ORD10921,2024-08-31,Laptop Stand,Accessories,North,33.86,3,101.58,46.64,54.94
ORD11796,2024-08-31,Laptop Stand,Accessories,East,34.65,4,138.6,61.87,76.73
ORD10120,2024-08-31,Webcam HD,Peripherals,West,57.19,1,57.19,18.16,39.03
ORD11875,2024-09-01,Webcam HD,Peripherals,Central,54.73,1,54.73,16.75,37.98
ORD12558,2024-09-01,Laptop Stand,Accessories,Central,18.51,1,18.51,8.01,10.5
ORD12243,2024-09-01,Noise Cancelling Headphones,Audio,West,76.0,1,76.0,27.93,48.07
ORD11530,2024-09-01,Bluetooth Speaker,Audio,North,76.12,3,228.36,87.71,140.65
ORD11896,2024-09-01,27-inch Monitor,Displays,East,273.9,2,547.8,167.49,380.31
ORD10155,2024-09-01,Laptop Stand,Accessories,North,27.87,1,27.87,11.4,16.47
ORD11711,2024-09-02,Standing Desk,Furniture,North,306.56,2,613.12,137.86,475.26
ORD11043,2024-09-02,Laptop Stand,Accessories,North,20.85,1,20.85,9.05,11.8
ORD11041,2024-09-02,Laptop Stand,Accessories,West,34.21,2,68.42,30.55,37.87
ORD12304,2024-09-02,Bluetooth Speaker,Audio,South,57.84,4,231.36,100.1,131.26
ORD10559,2024-09-02,USB-C Hub,Accessories,North,24.62,2,49.24,23.18,26.06
ORD10646,2024-09-02,Wireless Mouse,Accessories,South,27.22,1,27.22,11.63,15.59
ORD11792,2024-09-02,Laptop Stand,Accessories,West,28.02,1,28.02,11.57,16.45
ORD10539,2024-09-03,Webcam HD,Peripherals,North,30.01,2,60.02,25.26,34.76
ORD10045,2024-09-03,Wireless Mouse,Accessories,South,23.49,1,23.49,10.32,13.17
ORD10735,2024-09-03,Bluetooth Speaker,Audio,South,75.96,3,227.88,89.5,138.38
ORD10426,2024-09-03,Smartwatch,Wearables,West,199.19,1,199.19,83.09,116.1
ORD12545,2024-09-04,Mechanical Keyboard,Accessories,North,68.64,1,68.64,30.43,38.21
ORD11387,2024-09-04,27-inch Monitor,Displays,South,319.43,7,2236.01,574.22,1661.79
ORD10756,2024-09-04,USB-C Hub,Accessories,South,27.03,3,81.09,32.95,48.14
ORD11592,2024-09-04,Wireless Mouse,Accessories,West,21.2,1,21.2,8.06,13.14
ORD10463,2024-09-04,Webcam HD,Peripherals,East,49.54,2,99.08,33.14,65.94
ORD12150,2024-09-04,Laptop Stand,Accessories,West,34.72,5,173.6,73.24,100.36
ORD12682,2024-09-05,USB-C Hub,Accessories,East,21.12,1,21.12,7.92,13.2
ORD12472,2024-09-05,Laptop Stand,Accessories,South,34.75,3,104.25,41.0,63.25
ORD12314,2024-09-05,Wireless Mouse,Accessories,North,17.86,1,17.86,7.46,10.4
ORD11898,2024-09-05,Bluetooth Speaker,Audio,South,35.92,1,35.92,12.3,23.62
ORD11196,2024-09-05,Laptop Stand,Accessories,East,19.06,1,19.06,7.29,11.77
ORD12433,2024-09-06,Webcam HD,Peripherals,South,26.25,1,26.25,8.54,17.71
ORD10298,2024-09-06,Webcam HD,Peripherals,North,37.11,2,74.22,22.86,51.36
ORD11642,2024-09-06,Laptop Stand,Accessories,North,21.64,1,21.64,9.49,12.15
ORD11966,2024-09-06,Webcam HD,Peripherals,North,50.05,2,100.1,32.07,68.03
ORD10498,2024-09-06,Webcam HD,Peripherals,North,43.24,3,129.72,48.38,81.34
ORD10935,2024-09-06,External SSD 1TB,Storage,East,108.65,4,434.6,120.66,313.94
ORD10074,2024-09-07,Wireless Mouse,Accessories,East,15.4,3,46.2,17.75,28.45
ORD10622,2024-09-07,External SSD 1TB,Storage,Central,123.93,3,371.79,93.4,278.39
ORD12007,2024-09-07,Smartwatch,Wearables,West,185.48,3,556.44,242.44,314.0
ORD11257,2024-09-08,Laptop Stand,Accessories,East,20.82,2,41.64,16.07,25.57
ORD12297,2024-09-08,Laptop Stand,Accessories,West,29.45,3,88.35,36.22,52.13
ORD12378,2024-09-09,Mechanical Keyboard,Accessories,North,86.7,1,86.7,35.79,50.91
ORD10991,2024-09-09,Noise Cancelling Headphones,Audio,South,130.15,3,390.45,156.67,233.78
ORD10510,2024-09-09,Laptop Stand,Accessories,North,34.34,3,103.02,46.43,56.59
ORD10073,2024-09-09,Smartwatch,Wearables,West,130.0,2,260.0,108.45,151.55
ORD12600,2024-09-09,Smartwatch,Wearables,North,113.46,3,340.38,149.04,191.34
ORD10424,2024-09-11,Webcam HD,Peripherals,South,32.77,3,98.31,35.97,62.34
ORD11238,2024-09-11,Laptop Stand,Accessories,East,25.43,1,25.43,11.58,13.85
ORD11388,2024-09-11,USB-C Hub,Accessories,West,32.8,5,164.0,56.9,107.1
ORD10333,2024-09-11,Wireless Mouse,Accessories,East,18.59,1,18.59,8.52,10.07
ORD12625,2024-09-11,Laptop Stand,Accessories,North,25.2,2,50.4,20.91,29.49
ORD12829,2024-09-11,27-inch Monitor,Displays,East,305.73,2,611.46,199.24,412.22
ORD10903,2024-09-12,Wireless Mouse,Accessories,West,18.94,1,18.94,7.71,11.23
ORD12377,2024-09-12,Wireless Mouse,Accessories,North,19.88,1,19.88,7.86,12.02
ORD10035,2024-09-12,Laptop Stand,Accessories,North,24.34,3,73.02,30.77,42.25
ORD12333,2024-09-12,Webcam HD,Peripherals,East,49.72,1,49.72,19.14,30.58
ORD10497,2024-09-12,Laptop Stand,Accessories,West,18.09,3,54.27,22.84,31.43
ORD11758,2024-09-13,Wireless Mouse,Accessories,Central,17.43,1,17.43,6.09,11.34
ORD10644,2024-09-13,Laptop Stand,Accessories,East,34.79,1,34.79,15.32,19.47
ORD11091,2024-09-13,Mechanical Keyboard,Accessories,South,88.91,1,88.91,33.06,55.85
ORD12409,2024-09-13,Smartwatch,Wearables,North,132.96,3,398.88,167.81,231.07
ORD12111,2024-09-14,Laptop Stand,Accessories,North,23.16,2,46.32,17.84,28.48
ORD11144,2024-09-14,Bluetooth Speaker,Audio,North,31.0,4,124.0,40.3,83.7
ORD11587,2024-09-14,Laptop Stand,Accessories,East,34.31,3,102.93,39.37,63.56
ORD11870,2024-09-14,Laptop Stand,Accessories,West,34.7,2,69.4,27.1,42.3
ORD10049,2024-09-14,Wireless Mouse,Accessories,South,23.79,3,71.37,28.67,42.7
ORD12608,2024-09-14,Laptop Stand,Accessories,Central,26.94,3,80.82,33.82,47.0
ORD10837,2024-09-15,External SSD 1TB,Storage,East,123.45,2,246.9,59.25,187.65
ORD10314,2024-09-15,Standing Desk,Furniture,South,242.21,2,484.42,85.06,399.36
ORD11385,2024-09-15,Laptop Stand,Accessories,North,21.04,4,84.16,34.89,49.27
ORD12635,2024-09-15,Laptop Stand,Accessories,East,31.15,1,31.15,13.99,17.16
ORD11270,2024-09-15,Laptop Stand,Accessories,West,23.26,2,46.52,20.86,25.66
ORD10390,2024-09-16,Mechanical Keyboard,Accessories,South,78.77,1,78.77,33.4,45.37
ORD10633,2024-09-16,Laptop Stand,Accessories,North,30.86,3,92.58,40.6,51.98
ORD12662,2024-09-16,Webcam HD,Peripherals,West,55.74,2,111.48,42.0,69.48
ORD11940,2024-09-16,USB-C Hub,Accessories,North,38.2,1,38.2,17.6,20.6
ORD11111,2024-09-16,Webcam HD,Peripherals,Central,50.7,1,50.7,20.33,30.37
ORD12051,2024-09-17,27-inch Monitor,Displays,North,171.95,4,687.8,185.98,501.82
ORD12944,2024-09-17,Smartwatch,Wearables,East,130.11,1,130.11,57.49,72.62
ORD12815,2024-09-17,Bluetooth Speaker,Audio,South,77.02,1,77.02,32.67,44.35
ORD11675,2024-09-17,Webcam HD,Peripherals,South,51.44,4,205.76,81.65,124.11
ORD10102,2024-09-17,Wireless Mouse,Accessories,West,29.85,2,59.7,27.83,31.87
ORD12171,2024-09-17,Noise Cancelling Headphones,Audio,North,145.31,3,435.93,135.0,300.93
ORD10266,2024-09-17,Webcam HD,Peripherals,South,54.07,1,54.07,18.57,35.5
ORD12953,2024-09-18,Laptop Stand,Accessories,South,28.75,1,28.75,9.27,19.48
ORD12362,2024-09-18,Laptop Stand,Accessories,North,25.39,1,25.39,11.22,14.17
ORD12239,2024-09-18,Laptop Stand,Accessories,North,23.65,3,70.95,29.92,41.03
ORD11853,2024-09-18,Webcam HD,Peripherals,West,40.81,1,40.81,14.35,26.46
ORD12322,2024-09-19,Webcam HD,Peripherals,North,45.87,1,45.87,15.87,30.0
ORD10400,2024-09-19,Mechanical Keyboard,Accessories,West,76.85,1,76.85,35.28,41.57
ORD12216,2024-09-19,External SSD 1TB,Storage,East,110.32,2,220.64,53.22,167.42
ORD11905,2024-09-19,Webcam HD,Peripherals,North,42.08,2,84.16,32.06,52.1
ORD12781,2024-09-19,External SSD 1TB,Storage,North,120.76,2,241.52,64.39,177.13
ORD10379,2024-09-20,Smartwatch,Wearables,North,90.78,1,90.78,41.82,48.96
ORD12253,2024-09-20,Bluetooth Speaker,Audio,North,37.0,2,74.0,29.15,44.85
ORD10331,2024-09-21,Wireless Mouse,Accessories,South,22.03,2,44.06,18.65,25.41
ORD11147,2024-09-22,External SSD 1TB,Storage,East,90.54,4,362.16,78.66,283.5
ORD11225,2024-09-22,External SSD 1TB,Storage,West,128.86,4,515.44,139.94,375.5
ORD11064,2024-09-22,Webcam HD,Peripherals,West,58.93,2,117.86,43.77,74.09
ORD12639,2024-09-22,Laptop Stand,Accessories,East,34.03,1,34.03,14.15,19.88
ORD10246,2024-09-22,External SSD 1TB,Storage,East,77.95,5,389.75,105.98,283.77
ORD11416,2024-09-22,Wireless Mouse,Accessories,North,26.29,1,26.29,11.75,14.54
ORD10370,2024-09-23,Laptop Stand,Accessories,West,25.79,1,25.79,9.84,15.95
ORD10501,2024-09-23,27-inch Monitor,Displays,North,184.38,1,184.38,50.84,133.54
ORD11461,2024-09-23,External SSD 1TB,Storage,West,72.68,2,145.36,34.41,110.95
ORD12960,2024-09-23,Noise Cancelling Headphones,Audio,South,115.83,1,115.83,40.87,74.96
ORD12617,2024-09-23,Laptop Stand,Accessories,West,20.62,5,103.1,44.3,58.8
ORD10018,2024-09-24,27-inch Monitor,Displays,North,234.53,1,234.53,59.74,174.79
ORD11226,2024-09-24,Bluetooth Speaker,Audio,North,76.44,1,76.44,28.05,48.39
ORD12038,2024-09-24,Laptop Stand,Accessories,South,30.69,1,30.69,13.12,17.57
ORD11976,2024-09-24,Wireless Mouse,Accessories,Central,22.3,1,22.3,9.6,12.7
ORD12049,2024-09-25,Bluetooth Speaker,Audio,South,38.97,3,116.91,45.55,71.36
ORD12375,2024-09-25,Bluetooth Speaker,Audio,East,47.46,2,94.92,42.43,52.49
ORD11161,2024-09-25,Laptop Stand,Accessories,South,30.13,2,60.26,24.4,35.86
ORD11349,2024-09-25,Wireless Mouse,Accessories,West,26.56,2,53.12,22.71,30.41
ORD10726,2024-09-26,Noise Cancelling Headphones,Audio,South,143.37,4,573.48,197.18,376.3
ORD12419,2024-09-26,Smartwatch,Wearables,East,155.35,3,466.05,216.45,249.6
ORD10956,2024-09-26,USB-C Hub,Accessories,North,20.99,6,125.94,57.25,68.69
ORD11600,2024-09-26,Laptop Stand,Accessories,North,21.32,1,21.32,9.73,11.59
ORD10447,2024-09-26,External SSD 1TB,Storage,East,75.85,3,227.55,52.55,175.0
ORD11313,2024-09-26,Laptop Stand,Accessories,South,20.43,3,61.29,25.23,36.06
ORD12337,2024-09-26,External SSD 1TB,Storage,South,85.21,1,85.21,24.53,60.68
ORD10537,2024-09-26,Noise Cancelling Headphones,Audio,East,80.68,3,242.04,91.3,150.74
ORD11094,2024-09-27,Bluetooth Speaker,Audio,East,43.2,1,43.2,17.66,25.54
ORD11227,2024-09-27,Laptop Stand,Accessories,East,27.37,1,27.37,10.7,16.67
ORD12461,2024-09-27,Bluetooth Speaker,Audio,South,41.88,2,83.76,35.3,48.46
ORD10323,2024-09-28,Wireless Mouse,Accessories,West,19.72,1,19.72,8.89,10.83
ORD12488,2024-09-28,Standing Desk,Furniture,North,435.26,3,1305.78,305.45,1000.33
ORD10056,2024-09-29,Webcam HD,Peripherals,North,42.38,1,42.38,13.82,28.56
ORD10946,2024-09-29,Standing Desk,Furniture,North,320.96,2,641.92,138.15,503.77
ORD10543,2024-09-29,Laptop Stand,Accessories,West,22.03,6,132.18,56.12,76.06
ORD11134,2024-09-29,Laptop Stand,Accessories,South,24.51,2,49.02,20.98,28.04
ORD11481,2024-09-29,Mechanical Keyboard,Accessories,North,77.71,1,77.71,32.39,45.32
ORD11784,2024-09-30,Bluetooth Speaker,Audio,North,58.28,1,58.28,21.76,36.52
ORD10421,2024-09-30,Webcam HD,Peripherals,West,27.56,2,55.12,19.61,35.51
ORD10001,2024-09-30,Smartwatch,Wearables,West,195.88,2,391.76,192.69,199.07
ORD12702,2024-09-30,Laptop Stand,Accessories,East,31.72,3,95.16,34.24,60.92
ORD11456,2024-10-01,Webcam HD,Peripherals,South,49.02,1,49.02,15.14,33.88
ORD12701,2024-10-01,USB-C Hub,Accessories,Central,20.79,1,20.79,7.77,13.02
ORD11947,2024-10-01,Smartwatch,Wearables,West,113.14,2,226.28,97.16,129.12
ORD12809,2024-10-02,27-inch Monitor,Displays,West,274.31,2,548.62,124.97,423.65
ORD11511,2024-10-03,Bluetooth Speaker,Audio,West,31.03,3,93.09,36.92,56.17
ORD12800,2024-10-03,USB-C Hub,Accessories,Central,22.49,3,67.47,28.53,38.94
ORD12945,2024-10-03,Laptop Stand,Accessories,South,23.81,2,47.62,19.64,27.98
ORD10173,2024-10-04,Smartwatch,Wearables,South,162.55,1,162.55,69.82,92.73
ORD11945,2024-10-04,Smartwatch,Wearables,East,195.88,1,195.88,89.07,106.81
ORD12210,2024-10-04,Smartwatch,Wearables,North,122.38,2,244.76,111.45,133.31
ORD12126,2024-10-04,External SSD 1TB,Storage,North,118.8,4,475.2,123.51,351.69
ORD10277,2024-10-04,Webcam HD,Peripherals,West,45.66,2,91.32,29.96,61.36
ORD11067,2024-10-04,27-inch Monitor,Displays,East,205.17,2,410.34,122.89,287.45
ORD11776,2024-10-05,Smartwatch,Wearables,North,176.37,3,529.11,214.79,314.32
ORD12464,2024-10-05,Wireless Mouse,Accessories,North,17.48,1,17.48,8.0,9.48
ORD11871,2024-10-06,Laptop Stand,Accessories,Central,22.6,1,22.6,7.41,15.19
ORD10232,2024-10-06,Mechanical Keyboard,Accessories,North,45.21,2,90.42,36.37,54.05
ORD11254,2024-10-06,Smartwatch,Wearables,Central,165.88,4,663.52,274.65,388.87
ORD11594,2024-10-07,Wireless Mouse,Accessories,North,20.29,1,20.29,9.0,11.29
ORD11631,2024-10-07,Standing Desk,Furniture,North,414.76,1,414.76,72.77,341.99
ORD10775,2024-10-07,Laptop Stand,Accessories,North,22.06,5,110.3,52.35,57.95
ORD10207,2024-10-08,Wireless Mouse,Accessories,East,16.83,2,33.66,12.58,21.08
ORD12226,2024-10-08,Laptop Stand,Accessories,Central,30.55,2,61.1,29.38,31.72
ORD12267,2024-10-08,Mechanical Keyboard,Accessories,West,75.24,3,225.72,97.84,127.88
ORD10742,2024-10-08,Webcam HD,Peripherals,North,40.01,1,40.01,14.04,25.97
ORD12124,2024-10-08,Laptop Stand,Accessories,East,30.04,1,30.04,13.01,17.03
ORD11751,2024-10-09,Wireless Mouse,Accessories,South,16.98,1,16.98,8.25,8.73
ORD10913,2024-10-09,Bluetooth Speaker,Audio,South,40.3,1,40.3,16.39,23.91
ORD12346,2024-10-09,Webcam HD,Peripherals,East,29.26,1,29.26,8.28,20.98
ORD12935,2024-10-09,Bluetooth Speaker,Audio,East,42.76,3,128.28,53.34,74.94
ORD10478,2024-10-09,Webcam HD,Peripherals,West,43.74,1,43.74,15.61,28.13
ORD12668,2024-10-10,Laptop Stand,Accessories,North,26.95,5,134.75,50.06,84.69
ORD10798,2024-10-11,27-inch Monitor,Displays,West,242.44,4,969.76,293.66,676.1
ORD12865,2024-10-11,Laptop Stand,Accessories,Central,31.8,2,63.6,24.4,39.2
ORD11775,2024-10-11,Webcam HD,Peripherals,East,47.04,2,94.08,33.44,60.64
ORD11767,2024-10-11,Bluetooth Speaker,Audio,East,65.11,3,195.33,75.59,119.74
ORD12661,2024-10-11,Wireless Mouse,Accessories,South,29.5,2,59.0,23.63,35.37
ORD10132,2024-10-11,Laptop Stand,Accessories,South,33.18,2,66.36,29.16,37.2
ORD12778,2024-10-12,Bluetooth Speaker,Audio,East,75.75,3,227.25,79.39,147.86
ORD11581,2024-10-12,Webcam HD,Peripherals,North,28.19,1,28.19,10.03,18.16
ORD12634,2024-10-13,Noise Cancelling Headphones,Audio,South,138.93,3,416.79,151.54,265.25
ORD10993,2024-10-13,Webcam HD,Peripherals,Central,27.99,3,83.97,28.93,55.04
ORD12370,2024-10-13,27-inch Monitor,Displays,South,199.54,2,399.08,134.76,264.32
ORD11079,2024-10-13,Laptop Stand,Accessories,West,34.04,2,68.08,28.82,39.26
ORD12037,2024-10-13,Webcam HD,Peripherals,West,33.64,2,67.28,21.35,45.93
ORD11378,2024-10-14,Webcam HD,Peripherals,West,36.14,1,36.14,12.52,23.62
ORD10270,2024-10-14,Webcam HD,Peripherals,North,30.48,1,30.48,9.96,20.52
ORD12836,2024-10-15,Mechanical Keyboard,Accessories,East,49.7,1,49.7,20.91,28.79
ORD10167,2024-10-15,External SSD 1TB,Storage,West,117.85,7,824.95,210.24,614.71
ORD12656,2024-10-15,Noise Cancelling Headphones,Audio,North,132.8,4,531.2,203.21,327.99
ORD10111,2024-10-15,Wireless Mouse,Accessories,West,23.55,4,94.2,39.8,54.4
ORD11753,2024-10-16,External SSD 1TB,Storage,South,77.05,2,154.1,36.01,118.09
ORD11801,2024-10-16,Noise Cancelling Headphones,Audio,East,101.23,1,101.23,39.83,61.4
ORD10383,2024-10-16,Wireless Mouse,Accessories,West,16.51,2,33.02,14.92,18.1
ORD11462,2024-10-16,USB-C Hub,Accessories,East,30.53,4,122.12,49.02,73.1
ORD12531,2024-10-17,USB-C Hub,Accessories,East,42.24,6,253.44,106.0,147.44
ORD11994,2024-10-17,Webcam HD,Peripherals,North,33.59,4,134.36,47.27,87.09
ORD11916,2024-10-18,USB-C Hub,Accessories,South,44.56,1,44.56,20.39,24.17
ORD12938,2024-10-18,Wireless Mouse,Accessories,North,27.37,2,54.74,24.76,29.98
ORD12407,2024-10-18,Noise Cancelling Headphones,Audio,South,102.02,3,306.06,109.6,196.46
ORD12936,2024-10-18,Laptop Stand,Accessories,East,24.66,1,24.66,10.41,14.25
ORD10857,2024-10-18,27-inch Monitor,Displays,South,178.04,1,178.04,41.87,136.17
ORD10998,2024-10-18,27-inch Monitor,Displays,West,160.75,1,160.75,40.35,120.4
ORD11811,2024-10-18,External SSD 1TB,Storage,South,96.26,6,577.56,144.65,432.91
ORD12426,2024-10-18,Laptop Stand,Accessories,North,30.49,2,60.98,26.76,34.22
ORD10641,2024-10-18,Webcam HD,Peripherals,North,27.77,3,83.31,31.54,51.77
ORD12922,2024-10-18,Mechanical Keyboard,Accessories,South,45.17,3,135.51,55.65,79.86
ORD10380,2024-10-18,External SSD 1TB,Storage,West,114.43,1,114.43,23.96,90.47
ORD11303,2024-10-18,Laptop Stand,Accessories,West,30.81,1,30.81,13.31,17.5
ORD10597,2024-10-19,Bluetooth Speaker,Audio,North,54.22,2,108.44,40.64,67.8
ORD11334,2024-10-19,Noise Cancelling Headphones,Audio,East,105.2,1,105.2,41.31,63.89
ORD11339,2024-10-19,External SSD 1TB,Storage,South,71.6,1,71.6,18.24,53.36
ORD12389,2024-10-19,27-inch Monitor,Displays,North,312.62,2,625.24,188.49,436.75
ORD11579,2024-10-19,Laptop Stand,Accessories,West,19.28,2,38.56,16.95,21.61
ORD11967,2024-10-20,27-inch Monitor,Displays,Central,160.59,1,160.59,49.03,111.56
ORD11895,2024-10-20,Laptop Stand,Accessories,Central,32.68,2,65.36,26.55,38.81
ORD11570,2024-10-20,External SSD 1TB,Storage,North,93.89,2,187.78,52.55,135.23
ORD12724,2024-10-20,27-inch Monitor,Displays,Central,245.41,1,245.41,65.01,180.4
ORD12747,2024-10-20,Bluetooth Speaker,Audio,Central,65.33,2,130.66,49.98,80.68
ORD11626,2024-10-20,Webcam HD,Peripherals,South,42.98,1,42.98,17.44,25.54
ORD11706,2024-10-21,Laptop Stand,Accessories,East,32.98,3,98.94,42.61,56.33
ORD12912,2024-10-21,Laptop Stand,Accessories,North,21.72,2,43.44,16.73,26.71
ORD10608,2024-10-22,Wireless Mouse,Accessories,North,29.46,1,29.46,13.69,15.77
ORD10521,2024-10-22,27-inch Monitor,Displays,East,305.66,2,611.32,189.51,421.81
ORD11707,2024-10-23,Laptop Stand,Accessories,North,20.03,1,20.03,9.1,10.93
ORD12137,2024-10-23,27-inch Monitor,Displays,North,311.49,1,311.49,89.06,222.43
ORD11621,2024-10-23,External SSD 1TB,Storage,North,76.27,1,76.27,19.86,56.41
ORD10025,2024-10-24,27-inch Monitor,Displays,North,262.2,3,786.6,214.75,571.85
ORD11278,2024-10-24,Noise Cancelling Headphones,Audio,Central,66.04,3,198.12,71.13,126.99
ORD10757,2024-10-24,USB-C Hub,Accessories,East,32.62,1,32.62,15.2,17.42
ORD12296,2024-10-24,Laptop Stand,Accessories,South,28.95,5,144.75,59.2,85.55
ORD10683,2024-10-24,External SSD 1TB,Storage,West,100.0,2,200.0,47.12,152.88
ORD12851,2024-10-24,USB-C Hub,Accessories,North,33.92,1,33.92,13.8,20.12
ORD10890,2024-10-25,Laptop Stand,Accessories,Central,19.76,2,39.52,18.81,20.71
ORD11191,2024-10-25,Smartwatch,Wearables,North,122.24,1,122.24,58.23,64.01
ORD10629,2024-10-25,27-inch Monitor,Displays,North,281.16,4,1124.64,302.49,822.15
ORD11731,2024-10-25,27-inch Monitor,Displays,West,150.67,1,150.67,41.98,108.69
ORD11924,2024-10-26,Webcam HD,Peripherals,East,44.37,3,133.11,48.63,84.48
ORD10870,2024-10-26,Mechanical Keyboard,Accessories,North,42.72,1,42.72,19.07,23.65
ORD12734,2024-10-26,Wireless Mouse,Accessories,West,19.71,2,39.42,14.65,24.77
ORD11051,2024-10-26,Smartwatch,Wearables,South,126.02,1,126.02,60.13,65.89
ORD12751,2024-10-26,Smartwatch,Wearables,North,118.87,3,356.61,158.14,198.47
ORD12737,2024-10-27,Bluetooth Speaker,Audio,Central,77.82,1,77.82,27.97,49.85
ORD12104,2024-10-27,Webcam HD,Peripherals,East,31.99,1,31.99,10.82,21.17
ORD11465,2024-10-27,Webcam HD,Peripherals,North,26.33,4,105.32,39.36,65.96
ORD12893,2024-10-28,Webcam HD,Peripherals,Central,37.88,2,75.76,30.51,45.25
ORD10945,2024-10-28,Laptop Stand,Accessories,West,25.53,2,51.06,21.67,29.39
ORD12611,2024-10-28,Standing Desk,Furniture,East,357.55,1,357.55,84.63,272.92
ORD10203,2024-10-29,27-inch Monitor,Displays,East,300.23,2,600.46,153.47,446.99
ORD11039,2024-10-29,Wireless Mouse,Accessories,West,26.29,2,52.58,22.86,29.72
ORD12650,2024-10-29,27-inch Monitor,Displays,South,244.49,2,488.98,148.98,340.0
ORD11956,2024-10-29,External SSD 1TB,Storage,South,109.21,3,327.63,67.28,260.35
ORD10372,2024-10-30,Wireless Mouse,Accessories,East,26.32,2,52.64,21.3,31.34
ORD11389,2024-10-30,Wireless Mouse,Accessories,North,15.4,2,30.8,13.67,17.13
ORD10220,2024-10-30,Webcam HD,Peripherals,North,43.68,5,218.4,64.92,153.48
ORD11533,2024-10-31,External SSD 1TB,Storage,Central,91.63,2,183.26,43.76,139.5
ORD10190,2024-10-31,Smartwatch,Wearables,Central,94.91,4,379.64,177.68,201.96
ORD10040,2024-10-31,Wireless Mouse,Accessories,East,27.34,1,27.34,10.1,17.24
ORD11759,2024-10-31,Webcam HD,Peripherals,East,55.03,2,110.06,37.21,72.85
ORD10606,2024-11-01,27-inch Monitor,Displays,East,230.06,1,230.06,64.8,165.26
ORD11336,2024-11-01,Noise Cancelling Headphones,Audio,South,67.92,3,203.76,82.87,120.89
ORD12201,2024-11-01,Smartwatch,Wearables,South,100.75,3,302.25,124.42,177.83
ORD11155,2024-11-01,Laptop Stand,Accessories,East,21.02,1,21.02,9.53,11.49
ORD11624,2024-11-01,Wireless Mouse,Accessories,South,24.33,4,97.32,41.77,55.55
ORD11918,2024-11-01,Bluetooth Speaker,Audio,Central,60.02,1,60.02,24.96,35.06
ORD12732,2024-11-01,USB-C Hub,Accessories,Central,43.37,1,43.37,19.73,23.64
ORD11085,2024-11-01,Smartwatch,Wearables,Central,155.41,1,155.41,71.52,83.89
ORD12154,2024-11-02,External SSD 1TB,Storage,West,104.25,1,104.25,27.58,76.67
ORD10553,2024-11-03,Noise Cancelling Headphones,Audio,North,108.87,3,326.61,107.07,219.54
ORD10081,2024-11-03,Webcam HD,Peripherals,West,40.78,4,163.12,50.48,112.64
ORD11641,2024-11-03,Laptop Stand,Accessories,South,29.97,3,89.91,35.05,54.86
ORD11229,2024-11-04,Bluetooth Speaker,Audio,West,69.64,1,69.64,25.74,43.9
ORD11842,2024-11-04,Wireless Mouse,Accessories,North,27.3,4,109.2,48.92,60.28
ORD10524,2024-11-04,Smartwatch,Wearables,South,178.04,3,534.12,211.78,322.34
ORD12386,2024-11-05,USB-C Hub,Accessories,North,22.02,6,132.12,54.22,77.9
ORD11535,2024-11-05,Wireless Mouse,Accessories,East,24.86,6,149.16,56.73,92.43
ORD11504,2024-11-05,Wireless Mouse,Accessories,East,20.06,1,20.06,7.49,12.57
ORD11502,2024-11-05,Webcam HD,Peripherals,East,36.09,1,36.09,14.23,21.86
ORD11109,2024-11-06,Laptop Stand,Accessories,North,26.77,4,107.08,45.29,61.79
ORD11927,2024-11-06,Bluetooth Speaker,Audio,South,54.35,4,217.4,93.28,124.12
ORD11989,2024-11-06,Bluetooth Speaker,Audio,East,47.48,1,47.48,19.73,27.75
ORD10564,2024-11-06,Laptop Stand,Accessories,Central,19.57,1,19.57,7.68,11.89
ORD12219,2024-11-07,Laptop Stand,Accessories,East,33.14,3,99.42,36.22,63.2
ORD12555,2024-11-07,Bluetooth Speaker,Audio,West,41.14,3,123.42,54.56,68.86
ORD11990,2024-11-07,Noise Cancelling Headphones,Audio,West,139.43,1,139.43,51.29,88.14
ORD11604,2024-11-07,Laptop Stand,Accessories,South,27.85,4,111.4,42.96,68.44
ORD11892,2024-11-08,Wireless Mouse,Accessories,South,15.92,8,127.36,56.13,71.23
ORD10450,2024-11-08,External SSD 1TB,Storage,East,85.03,6,510.18,129.63,380.55
ORD10322,2024-11-09,Webcam HD,Peripherals,North,40.24,6,241.44,79.64,161.8
ORD10470,2024-11-09,Webcam HD,Peripherals,Central,45.82,1,45.82,15.56,30.26
ORD12141,2024-11-09,Wireless Mouse,Accessories,South,21.42,1,21.42,9.1,12.32
ORD11745,2024-11-09,External SSD 1TB,Storage,North,116.9,4,467.6,117.94,349.66
ORD12881,2024-11-09,External SSD 1TB,Storage,North,91.47,1,91.47,24.94,66.53
ORD11634,2024-11-10,Laptop Stand,Accessories,East,34.48,1,34.48,14.12,20.36
ORD10660,2024-11-10,Wireless Mouse,Accessories,South,25.06,3,75.18,30.8,44.38
ORD11859,2024-11-10,Webcam HD,Peripherals,North,40.48,6,242.88,89.38,153.5
ORD12039,2024-11-11,27-inch Monitor,Displays,East,169.42,1,169.42,49.03,120.39
ORD11537,2024-11-12,Bluetooth Speaker,Audio,Central,75.4,3,226.2,93.38,132.82
ORD11015,2024-11-12,Laptop Stand,Accessories,North,31.23,6,187.38,77.29,110.09
ORD12251,2024-11-12,USB-C Hub,Accessories,South,37.23,1,37.23,15.53,21.7
ORD11992,2024-11-13,Wireless Mouse,Accessories,South,21.5,1,21.5,8.28,13.22
ORD12856,2024-11-13,Laptop Stand,Accessories,East,29.88,4,119.52,55.57,63.95
ORD12858,2024-11-13,Laptop Stand,Accessories,Central,20.2,3,60.6,22.92,37.68
ORD12948,2024-11-13,Wireless Mouse,Accessories,Central,23.29,3,69.87,29.77,40.1
ORD10287,2024-11-14,Wireless Mouse,Accessories,South,15.88,6,95.28,37.47,57.81
ORD11821,2024-11-14,Wireless Mouse,Accessories,East,29.82,3,89.46,38.48,50.98
ORD12974,2024-11-14,Bluetooth Speaker,Audio,West,75.15,1,75.15,30.24,44.91
ORD11346,2024-11-14,Webcam HD,Peripherals,Central,30.79,1,30.79,9.26,21.53
ORD11851,2024-11-14,External SSD 1TB,Storage,Central,73.01,3,219.03,53.37,165.66
ORD10231,2024-11-15,Mechanical Keyboard,Accessories,West,74.76,3,224.28,82.38,141.9
ORD11794,2024-11-15,Laptop Stand,Accessories,North,33.96,3,101.88,47.08,54.8
ORD10095,2024-11-15,Webcam HD,Peripherals,North,37.46,4,149.84,50.45,99.39
ORD10101,2024-11-15,Wireless Mouse,Accessories,South,22.59,4,90.36,33.68,56.68
ORD10186,2024-11-15,Laptop Stand,Accessories,North,34.57,11,380.27,151.71,228.56
ORD11286,2024-11-15,Webcam HD,Peripherals,South,27.78,1,27.78,10.82,16.96
ORD12186,2024-11-16,Laptop Stand,Accessories,North,34.85,1,34.85,16.19,18.66
ORD11466,2024-11-16,Bluetooth Speaker,Audio,East,40.0,1,40.0,16.72,23.28
ORD10614,2024-11-16,Noise Cancelling Headphones,Audio,West,125.18,4,500.72,178.49,322.23
ORD11297,2024-11-17,Wireless Mouse,Accessories,South,17.56,3,52.68,21.88,30.8
ORD11968,2024-11-19,Bluetooth Speaker,Audio,West,44.96,3,134.88,57.87,77.01
ORD11413,2024-11-19,Laptop Stand,Accessories,South,22.4,4,89.6,35.67,53.93
ORD10979,2024-11-19,USB-C Hub,Accessories,North,40.12,3,120.36,49.34,71.02
ORD12020,2024-11-19,Noise Cancelling Headphones,Audio,West,109.89,6,659.34,231.68,427.66
ORD11710,2024-11-19,Laptop Stand,Accessories,Central,25.63,3,76.89,29.61,47.28
ORD12492,2024-11-19,Webcam HD,Peripherals,South,27.94,3,83.82,32.37,51.45
ORD12927,2024-11-20,External SSD 1TB,Storage,West,92.31,6,553.86,148.94,404.92
ORD11208,2024-11-21,Wireless Mouse,Accessories,Central,28.26,6,169.56,73.5,96.06
ORD12189,2024-11-23,Standing Desk,Furniture,South,278.25,3,834.75,198.16,636.59
ORD10129,2024-11-23,Wireless Mouse,Accessories,North,27.0,1,27.0,12.17,14.83
ORD12667,2024-11-23,Bluetooth Speaker,Audio,North,69.49,1,69.49,29.55,39.94
ORD11500,2024-11-23,Laptop Stand,Accessories,East,19.98,1,19.98,8.39,11.59
ORD12449,2024-11-24,Webcam HD,Peripherals,South,45.64,1,45.64,15.51,30.13
ORD12711,2024-11-24,Laptop Stand,Accessories,North,29.22,3,87.66,34.12,53.54
ORD12367,2024-11-25,Laptop Stand,Accessories,South,22.18,4,88.72,40.14,48.58
ORD11022,2024-11-25,Standing Desk,Furniture,Central,239.13,3,717.39,146.74,570.65
ORD12303,2024-11-25,Noise Cancelling Headphones,Audio,East,80.89,3,242.67,81.33,161.34
ORD10989,2024-11-25,Mechanical Keyboard,Accessories,North,66.84,6,401.04,165.2,235.84
ORD10751,2024-11-25,Webcam HD,Peripherals,East,31.72,4,126.88,44.5,82.38
ORD11150,2024-11-25,Bluetooth Speaker,Audio,South,37.08,3,111.24,45.05,66.19
ORD11881,2024-11-26,Wireless Mouse,Accessories,West,23.12,1,23.12,10.41,12.71
ORD11665,2024-11-26,Laptop Stand,Accessories,South,29.54,1,29.54,11.76,17.78
ORD10411,2024-11-26,Smartwatch,Wearables,North,89.07,1,89.07,37.94,51.13
ORD10674,2024-11-26,Laptop Stand,Accessories,East,30.49,1,30.49,12.51,17.98
ORD11636,2024-11-26,Laptop Stand,Accessories,Central,29.56,1,29.56,11.34,18.22
ORD10419,2024-11-26,Bluetooth Speaker,Audio,Central,72.69,3,218.07,82.15,135.92
ORD10900,2024-11-27,Bluetooth Speaker,Audio,North,59.25,1,59.25,23.33,35.92
ORD12024,2024-11-27,Smartwatch,Wearables,Central,130.68,1,130.68,58.97,71.71
ORD11181,2024-11-28,Laptop Stand,Accessories,West,18.76,1,18.76,6.97,11.79
ORD12385,2024-11-28,Mechanical Keyboard,Accessories,West,56.73,1,56.73,21.8,34.93
ORD10593,2024-11-28,Webcam HD,Peripherals,East,25.22,1,25.22,9.8,15.42
ORD11757,2024-11-28,Webcam HD,Peripherals,South,47.55,3,142.65,45.59,97.06
ORD11016,2024-11-28,Laptop Stand,Accessories,North,25.95,3,77.85,34.42,43.43
ORD10701,2024-11-29,Laptop Stand,Accessories,North,26.85,4,107.4,47.14,60.26
ORD12014,2024-11-29,Laptop Stand,Accessories,North,23.9,1,23.9,9.81,14.09
ORD11458,2024-11-29,Laptop Stand,Accessories,South,18.61,3,55.83,21.78,34.05
ORD12879,2024-11-29,Wireless Mouse,Accessories,West,21.58,6,129.48,55.2,74.28
ORD12229,2024-11-29,Laptop Stand,Accessories,North,19.58,1,19.58,7.7,11.88
ORD11652,2024-11-30,USB-C Hub,Accessories,East,39.19,4,156.76,65.01,91.75
ORD11487,2024-11-30,Laptop Stand,Accessories,South,20.29,6,121.74,51.52,70.22
ORD11401,2024-12-01,27-inch Monitor,Displays,West,228.56,4,914.24,236.33,677.91
ORD11614,2024-12-01,Bluetooth Speaker,Audio,West,59.8,3,179.4,66.95,112.45
ORD11872,2024-12-01,Smartwatch,Wearables,West,131.04,1,131.04,57.76,73.28
ORD10221,2024-12-01,Noise Cancelling Headphones,Audio,Central,140.82,3,422.46,144.88,277.58
ORD12839,2024-12-01,Mechanical Keyboard,Accessories,North,50.09,3,150.27,62.25,88.02
ORD11100,2024-12-01,Smartwatch,Wearables,West,89.12,1,89.12,38.4,50.72
ORD11195,2024-12-01,27-inch Monitor,Displays,Central,199.71,4,798.84,179.96,618.88
ORD12637,2024-12-01,Laptop Stand,Accessories,East,33.4,1,33.4,13.69,19.71
ORD10859,2024-12-01,Webcam HD,Peripherals,North,29.92,3,89.76,30.65,59.11
ORD10375,2024-12-02,External SSD 1TB,Storage,Central,123.59,1,123.59,28.65,94.94
ORD11103,2024-12-02,Wireless Mouse,Accessories,South,22.91,3,68.73,24.62,44.11
ORD10732,2024-12-02,Mechanical Keyboard,Accessories,South,68.52,3,205.56,91.12,114.44
ORD10089,2024-12-02,27-inch Monitor,Displays,South,287.05,3,861.15,258.78,602.37
ORD10832,2024-12-03,External SSD 1TB,Storage,West,100.85,3,302.55,81.54,221.01
ORD11728,2024-12-04,Mechanical Keyboard,Accessories,East,83.26,6,499.56,214.68,284.88
ORD12726,2024-12-04,27-inch Monitor,Displays,East,275.76,1,275.76,66.82,208.94
ORD12848,2024-12-04,Mechanical Keyboard,Accessories,South,72.8,3,218.4,92.53,125.87
ORD12754,2024-12-04,Laptop Stand,Accessories,South,31.78,1,31.78,12.46,19.32
ORD11244,2024-12-04,Noise Cancelling Headphones,Audio,North,123.38,3,370.14,164.94,205.2
ORD12636,2024-12-05,Smartwatch,Wearables,North,163.87,1,163.87,71.18,92.69
ORD12232,2024-12-05,Smartwatch,Wearables,East,114.91,4,459.64,216.04,243.6
ORD12278,2024-12-05,Mechanical Keyboard,Accessories,Central,57.44,4,229.76,85.8,143.96
ORD11081,2024-12-07,27-inch Monitor,Displays,East,295.94,3,887.82,217.17,670.65
ORD11132,2024-12-07,Wireless Mouse,Accessories,South,29.27,3,87.81,35.47,52.34
ORD11933,2024-12-07,Laptop Stand,Accessories,East,28.57,1,28.57,12.6,15.97
ORD10706,2024-12-07,External SSD 1TB,Storage,North,114.54,1,114.54,30.52,84.02
ORD11324,2024-12-07,Laptop Stand,Accessories,North,20.45,6,122.7,52.59,70.11
ORD10348,2024-12-08,Bluetooth Speaker,Audio,West,71.48,1,71.48,23.19,48.29
ORD10438,2024-12-08,Webcam HD,Peripherals,North,56.36,3,169.08,64.92,104.16
ORD10532,2024-12-08,Wireless Mouse,Accessories,South,21.89,3,65.67,25.76,39.91
ORD12140,2024-12-08,Wireless Mouse,Accessories,East,26.7,3,80.1,37.52,42.58
ORD10929,2024-12-09,Mechanical Keyboard,Accessories,North,47.28,8,378.24,180.04,198.2
ORD10974,2024-12-09,Bluetooth Speaker,Audio,West,72.28,3,216.84,87.77,129.07
ORD10250,2024-12-10,Wireless Mouse,Accessories,West,29.92,1,29.92,13.45,16.47
ORD10954,2024-12-10,Laptop Stand,Accessories,South,22.08,3,66.24,25.31,40.93
ORD11816,2024-12-10,Wireless Mouse,Accessories,North,15.22,1,15.22,7.57,7.65
ORD10213,2024-12-10,Bluetooth Speaker,Audio,East,63.83,3,191.49,74.02,117.47
ORD11059,2024-12-11,Bluetooth Speaker,Audio,North,46.78,4,187.12,76.72,110.4
ORD10043,2024-12-11,Wireless Mouse,Accessories,North,29.44,4,117.76,46.43,71.33
ORD12259,2024-12-12,Laptop Stand,Accessories,South,27.5,1,27.5,11.5,16.0
ORD10672,2024-12-12,Bluetooth Speaker,Audio,North,58.37,6,350.22,120.61,229.61
ORD12597,2024-12-13,Laptop Stand,Accessories,East,28.44,3,85.32,35.22,50.1
ORD12336,2024-12-13,Laptop Stand,Accessories,South,24.24,1,24.24,10.19,14.05
ORD11301,2024-12-13,Laptop Stand,Accessories,East,28.67,9,258.03,110.35,147.68
ORD12398,2024-12-14,Wireless Mouse,Accessories,East,27.95,4,111.8,51.64,60.16
ORD12294,2024-12-14,Wireless Mouse,Accessories,North,25.59,1,25.59,11.12,14.47
ORD12463,2024-12-14,Wireless Mouse,Accessories,East,20.7,1,20.7,8.85,11.85
ORD11830,2024-12-14,Wireless Mouse,Accessories,Central,24.08,4,96.32,40.57,55.75
ORD12309,2024-12-14,Smartwatch,Wearables,East,81.35,3,244.05,124.54,119.51
ORD11961,2024-12-14,Laptop Stand,Accessories,East,19.49,4,77.96,31.39,46.57
ORD10425,2024-12-14,Laptop Stand,Accessories,South,29.26,1,29.26,13.33,15.93
ORD11554,2024-12-15,USB-C Hub,Accessories,South,27.32,4,109.28,39.47,69.81
ORD10288,2024-12-15,Laptop Stand,Accessories,North,25.38,1,25.38,9.99,15.39
ORD11069,2024-12-16,27-inch Monitor,Displays,South,308.71,3,926.13,270.72,655.41
ORD11184,2024-12-16,USB-C Hub,Accessories,West,21.99,8,175.92,73.04,102.88
ORD12353,2024-12-16,Laptop Stand,Accessories,North,30.12,8,240.96,122.94,118.02
ORD10558,2024-12-16,Laptop Stand,Accessories,North,30.88,1,30.88,15.36,15.52
ORD11362,2024-12-16,Laptop Stand,Accessories,North,30.17,1,30.17,11.3,18.87
ORD12410,2024-12-16,Bluetooth Speaker,Audio,Central,45.31,1,45.31,15.76,29.55
ORD12003,2024-12-16,Laptop Stand,Accessories,North,21.93,1,21.93,9.12,12.81
ORD12546,2024-12-17,Laptop Stand,Accessories,Central,27.63,1,27.63,13.05,14.58
ORD10700,2024-12-17,Webcam HD,Peripherals,North,59.84,3,179.52,68.95,110.57
ORD12685,2024-12-17,External SSD 1TB,Storage,North,108.74,4,434.96,113.01,321.95
ORD12054,2024-12-17,Laptop Stand,Accessories,Central,30.72,1,30.72,11.6,19.12
ORD11647,2024-12-17,Standing Desk,Furniture,East,207.77,1,207.77,40.45,167.32
ORD12445,2024-12-18,External SSD 1TB,Storage,South,93.62,1,93.62,15.87,77.75
ORD10233,2024-12-18,Webcam HD,Peripherals,East,39.04,1,39.04,11.87,27.17
ORD11300,2024-12-18,27-inch Monitor,Displays,East,152.05,6,912.3,267.18,645.12
ORD12908,2024-12-18,Smartwatch,Wearables,North,150.77,4,603.08,285.72,317.36
ORD11236,2024-12-18,USB-C Hub,Accessories,West,25.64,1,25.64,9.77,15.87
ORD11907,2024-12-18,USB-C Hub,Accessories,South,21.36,6,128.16,54.26,73.9
ORD11070,2024-12-18,Laptop Stand,Accessories,West,29.15,1,29.15,13.67,15.48
ORD12991,2024-12-18,Smartwatch,Wearables,North,175.19,3,525.57,239.15,286.42
ORD12561,2024-12-18,Smartwatch,Wearables,West,126.89,4,507.56,223.8,283.76
ORD10391,2024-12-19,Bluetooth Speaker,Audio,North,43.58,1,43.58,17.37,26.21
ORD12401,2024-12-19,USB-C Hub,Accessories,North,22.32,1,22.32,9.73,12.59
ORD10589,2024-12-20,Webcam HD,Peripherals,West,30.71,1,30.71,10.83,19.88
ORD12909,2024-12-20,Wireless Mouse,Accessories,East,18.3,3,54.9,22.18,32.72
ORD11904,2024-12-20,Webcam HD,Peripherals,North,48.97,8,391.76,132.19,259.57
ORD11950,2024-12-20,Webcam HD,Peripherals,South,40.55,8,324.4,114.47,209.93
ORD12798,2024-12-20,Gaming Chair,Furniture,East,246.03,4,984.12,200.44,783.68
ORD12843,2024-12-20,Laptop Stand,Accessories,Central,29.94,1,29.94,13.78,16.16
ORD12483,2024-12-20,Webcam HD,Peripherals,North,36.75,1,36.75,13.85,22.9
ORD11574,2024-12-21,Webcam HD,Peripherals,Central,28.67,4,114.68,43.9,70.78
ORD11854,2024-12-21,Smartwatch,Wearables,East,111.3,8,890.4,454.98,435.42
ORD11997,2024-12-21,Laptop Stand,Accessories,West,33.32,4,133.28,62.31,70.97
ORD11431,2024-12-21,Laptop Stand,Accessories,North,32.02,1,32.02,14.82,17.2
ORD10771,2024-12-22,Laptop Stand,Accessories,East,18.64,3,55.92,24.12,31.8
ORD11439,2024-12-22,Bluetooth Speaker,Audio,North,76.94,3,230.82,86.41,144.41
ORD12513,2024-12-22,USB-C Hub,Accessories,Central,27.75,1,27.75,13.57,14.18
ORD12699,2024-12-22,Laptop Stand,Accessories,West,23.34,1,23.34,9.33,14.01
ORD12381,2024-12-22,Laptop Stand,Accessories,Central,34.71,1,34.71,13.94,20.77
ORD11590,2024-12-22,Webcam HD,Peripherals,West,31.33,3,93.99,30.46,63.53
ORD12444,2024-12-23,Laptop Stand,Accessories,South,22.43,3,67.29,28.71,38.58
ORD12032,2024-12-23,Noise Cancelling Headphones,Audio,North,73.84,1,73.84,29.0,44.84
ORD12416,2024-12-23,Smartwatch,Wearables,East,199.68,3,599.04,288.15,310.89
ORD10826,2024-12-23,Mechanical Keyboard,Accessories,East,83.86,3,251.58,104.0,147.58
ORD11540,2024-12-24,Wireless Mouse,Accessories,East,27.19,3,81.57,30.03,51.54
ORD10156,2024-12-24,Webcam HD,Peripherals,South,50.63,1,50.63,18.21,32.42
ORD10908,2024-12-24,Laptop Stand,Accessories,East,31.69,1,31.69,14.24,17.45
ORD10975,2024-12-24,Smartwatch,Wearables,West,98.68,1,98.68,44.51,54.17
ORD11068,2024-12-24,Bluetooth Speaker,Audio,West,30.25,4,121.0,45.51,75.49
ORD11078,2024-12-24,Webcam HD,Peripherals,South,28.94,3,86.82,31.86,54.96
ORD12427,2024-12-25,Smartwatch,Wearables,East,124.96,3,374.88,184.85,190.03
ORD10274,2024-12-25,Webcam HD,Peripherals,South,31.32,1,31.32,10.9,20.42
ORD10527,2024-12-25,USB-C Hub,Accessories,West,35.76,1,35.76,13.5,22.26
ORD12659,2024-12-25,Bluetooth Speaker,Audio,Central,52.81,1,52.81,19.18,33.63
ORD11630,2024-12-25,Smartwatch,Wearables,West,98.43,1,98.43,43.82,54.61
ORD12181,2024-12-26,Laptop Stand,Accessories,South,21.18,3,63.54,23.26,40.28
ORD12790,2024-12-26,Wireless Mouse,Accessories,North,27.53,1,27.53,12.2,15.33
ORD10339,2024-12-26,Laptop Stand,Accessories,North,28.78,1,28.78,11.43,17.35
ORD12578,2024-12-26,Laptop Stand,Accessories,South,19.87,1,19.87,8.65,11.22
ORD10204,2024-12-26,Laptop Stand,Accessories,North,22.23,3,66.69,28.4,38.29
ORD11903,2024-12-26,Bluetooth Speaker,Audio,North,76.31,4,305.24,113.17,192.07
ORD11497,2024-12-26,27-inch Monitor,Displays,East,248.49,1,248.49,81.73,166.76
ORD12644,2024-12-26,Noise Cancelling Headphones,Audio,South,98.94,3,296.82,107.81,189.01
ORD10412,2024-12-27,Standing Desk,Furniture,Central,411.8,1,411.8,82.31,329.49
ORD12414,2024-12-27,USB-C Hub,Accessories,West,33.55,4,134.2,57.55,76.65
ORD10959,2024-12-27,Laptop Stand,Accessories,South,27.33,8,218.64,97.35,121.29
ORD10767,2024-12-27,Laptop Stand,Accessories,East,29.39,1,29.39,12.34,17.05
ORD12092,2024-12-28,Bluetooth Speaker,Audio,West,34.98,1,34.98,12.26,22.72
ORD11762,2024-12-28,Wireless Mouse,Accessories,Central,16.66,1,16.66,7.34,9.32
ORD10320,2024-12-29,Laptop Stand,Accessories,West,24.08,4,96.32,42.2,54.12
ORD11302,2024-12-29,Laptop Stand,Accessories,Central,29.29,6,175.74,84.76,90.98
ORD10295,2024-12-29,Mechanical Keyboard,Accessories,North,77.57,3,232.71,96.21,136.5
ORD11151,2024-12-30,Bluetooth Speaker,Audio,South,47.2,4,188.8,72.96,115.84
ORD10469,2024-12-31,27-inch Monitor,Displays,South,192.09,1,192.09,50.52,141.57
ORD12165,2024-12-31,Wireless Mouse,Accessories,West,30.0,1,30.0,11.26,18.74
ORD12192,2024-12-31,Bluetooth Speaker,Audio,Central,61.94,8,495.52,189.42,306.1
ORD12592,2024-12-31,Webcam HD,Peripherals,North,36.97,1,36.97,13.88,23.09
ORD12579,2024-12-31,Webcam HD,Peripherals,Central,33.13,6,198.78,63.53,135.25
ORD12980,2024-12-31,Laptop Stand,Accessories,South,20.93,1,20.93,8.37,12.56
ORD11925,2024-12-31,Webcam HD,Peripherals,North,42.1,1,42.1,13.25,28.85
ORD11566,2025-01-01,External SSD 1TB,Storage,North,95.9,3,287.7,83.5,204.2
ORD11953,2025-01-01,Laptop Stand,Accessories,North,22.18,2,44.36,17.79,26.57
ORD11969,2025-01-01,Laptop Stand,Accessories,South,21.21,3,63.63,27.83,35.8
ORD12258,2025-01-01,Laptop Stand,Accessories,East,21.84,2,43.68,17.21,26.47
ORD10002,2025-01-01,Noise Cancelling Headphones,Audio,North,114.9,2,229.8,87.85,141.95
ORD12173,2025-01-01,Smartwatch,Wearables,North,170.86,1,170.86,73.68,97.18
ORD11188,2025-01-01,Wireless Mouse,Accessories,North,28.41,3,85.23,29.79,55.44
ORD10466,2025-01-01,27-inch Monitor,Displays,East,223.85,1,223.85,63.2,160.65
ORD10688,2025-01-01,Smartwatch,Wearables,East,177.45,4,709.8,330.65,379.15
ORD11177,2025-01-02,Laptop Stand,Accessories,North,29.0,1,29.0,10.37,18.63
ORD11686,2025-01-02,27-inch Monitor,Displays,North,297.35,1,297.35,81.7,215.65
ORD10658,2025-01-02,Noise Cancelling Headphones,Audio,West,74.95,1,74.95,27.51,47.44
ORD11174,2025-01-02,Laptop Stand,Accessories,North,29.24,2,58.48,22.67,35.81
ORD10881,2025-01-03,External SSD 1TB,Storage,East,124.27,1,124.27,30.13,94.14
ORD11526,2025-01-03,Bluetooth Speaker,Audio,South,39.69,1,39.69,12.77,26.92
ORD11693,2025-01-03,Webcam HD,Peripherals,Central,33.12,1,33.12,11.84,21.28
ORD11017,2025-01-03,Wireless Mouse,Accessories,West,23.7,2,47.4,21.59,25.81
ORD11805,2025-01-03,Laptop Stand,Accessories,South,23.63,3,70.89,27.09,43.8
ORD11902,2025-01-03,Webcam HD,Peripherals,North,27.92,2,55.84,19.43,36.41
ORD12971,2025-01-04,Laptop Stand,Accessories,North,34.85,1,34.85,16.13,18.72
ORD12541,2025-01-04,External SSD 1TB,Storage,South,118.16,2,236.32,59.95,176.37
ORD12348,2025-01-05,Laptop Stand,Accessories,West,33.95,1,33.95,13.73,20.22
ORD10141,2025-01-05,27-inch Monitor,Displays,West,216.18,1,216.18,54.62,161.56
ORD10301,2025-01-05,Smartwatch,Wearables,North,153.02,1,153.02,69.68,83.34
ORD10551,2025-01-05,Laptop Stand,Accessories,East,18.51,4,74.04,30.8,43.24
ORD10995,2025-01-06,Laptop Stand,Accessories,North,25.29,2,50.58,22.2,28.38
ORD10830,2025-01-06,Noise Cancelling Headphones,Audio,North,149.84,1,149.84,50.11,99.73
ORD10069,2025-01-07,Bluetooth Speaker,Audio,South,49.21,3,147.63,60.87,86.76
ORD10843,2025-01-07,Laptop Stand,Accessories,West,23.94,2,47.88,19.53,28.35
ORD11322,2025-01-07,External SSD 1TB,Storage,East,117.0,1,117.0,31.51,85.49
ORD11233,2025-01-07,Wireless Mouse,Accessories,West,17.75,1,17.75,7.07,10.68
ORD11271,2025-01-07,Laptop Stand,Accessories,North,34.46,4,137.84,52.53,85.31
ORD10017,2025-01-08,USB-C Hub,Accessories,North,33.95,1,33.95,13.68,20.27
ORD11317,2025-01-08,Bluetooth Speaker,Audio,North,72.07,2,144.14,50.65,93.49
ORD10665,2025-01-08,Bluetooth Speaker,Audio,North,54.49,3,163.47,60.28,103.19
ORD11409,2025-01-08,Mechanical Keyboard,Accessories,Central,62.82,2,125.64,55.21,70.43
ORD11975,2025-01-08,External SSD 1TB,Storage,North,78.9,2,157.8,44.56,113.24
ORD11101,2025-01-09,External SSD 1TB,Storage,South,112.27,3,336.81,86.26,250.55
ORD11427,2025-01-09,Wireless Mouse,Accessories,Central,22.05,1,22.05,8.9,13.15
ORD11809,2025-01-09,Bluetooth Speaker,Audio,Central,73.12,1,73.12,26.8,46.32
ORD12917,2025-01-09,Wireless Mouse,Accessories,East,23.87,5,119.35,52.25,67.1
ORD10031,2025-01-09,27-inch Monitor,Displays,East,250.28,4,1001.12,314.44,686.68
ORD12876,2025-01-09,External SSD 1TB,Storage,South,113.93,5,569.65,136.89,432.76
ORD11513,2025-01-09,Laptop Stand,Accessories,North,18.67,1,18.67,7.77,10.9
ORD11426,2025-01-09,Bluetooth Speaker,Audio,South,37.97,1,37.97,13.57,24.4
ORD12794,2025-01-09,Bluetooth Speaker,Audio,Central,53.46,4,213.84,82.59,131.25
ORD10519,2025-01-09,USB-C Hub,Accessories,West,31.34,6,188.04,84.37,103.67
ORD11063,2025-01-09,Webcam HD,Peripherals,North,34.16,1,34.16,8.98,25.18
ORD12312,2025-01-09,Bluetooth Speaker,Audio,East,58.17,1,58.17,22.55,35.62
ORD11217,2025-01-10,Bluetooth Speaker,Audio,East,54.98,1,54.98,19.98,35.0
ORD11447,2025-01-10,Mechanical Keyboard,Accessories,West,65.66,2,131.32,45.98,85.34
ORD11344,2025-01-10,Webcam HD,Peripherals,West,44.37,1,44.37,15.95,28.42
ORD10530,2025-01-10,Wireless Mouse,Accessories,East,22.27,3,66.81,27.88,38.93
ORD10157,2025-01-10,Laptop Stand,Accessories,North,23.04,1,23.04,9.93,13.11
ORD12920,2025-01-10,Webcam HD,Peripherals,North,34.27,2,68.54,21.18,47.36
ORD11868,2025-01-10,Webcam HD,Peripherals,West,42.74,3,128.22,53.1,75.12
ORD12562,2025-01-11,External SSD 1TB,Storage,North,128.52,2,257.04,65.11,191.93
ORD12972,2025-01-11,Laptop Stand,Accessories,Central,20.77,2,41.54,17.02,24.52
ORD10015,2025-01-11,Noise Cancelling Headphones,Audio,North,60.05,1,60.05,25.56,34.49
ORD12305,2025-01-11,Mechanical Keyboard,Accessories,East,57.49,3,172.47,75.81,96.66
ORD11140,2025-01-11,Noise Cancelling Headphones,Audio,North,93.56,1,93.56,37.89,55.67
ORD12209,2025-01-11,Laptop Stand,Accessories,East,22.67,1,22.67,10.31,12.36
ORD10227,2025-01-12,Laptop Stand,Accessories,South,33.4,2,66.8,23.9,42.9
ORD11591,2025-01-12,Wireless Mouse,Accessories,North,28.23,2,56.46,26.54,29.92
ORD11029,2025-01-12,27-inch Monitor,Displays,South,280.43,1,280.43,75.6,204.83
ORD10183,2025-01-12,Webcam HD,Peripherals,North,52.88,1,52.88,18.96,33.92
ORD10894,2025-01-13,Wireless Mouse,Accessories,West,29.05,2,58.1,26.01,32.09
ORD10384,2025-01-14,Bluetooth Speaker,Audio,South,32.51,1,32.51,11.66,20.85
ORD12925,2025-01-14,Smartwatch,Wearables,South,147.85,4,591.4,271.77,319.63
ORD10006,2025-01-14,27-inch Monitor,Displays,South,200.37,1,200.37,60.69,139.68
ORD10201,2025-01-15,Laptop Stand,Accessories,South,26.75,2,53.5,22.4,31.1
ORD12911,2025-01-15,Noise Cancelling Headphones,Audio,North,124.38,1,124.38,49.11,75.27
ORD10576,2025-01-15,Laptop Stand,Accessories,South,22.34,1,22.34,8.31,14.03
ORD11272,2025-01-15,Smartwatch,Wearables,North,190.8,3,572.4,237.11,335.29
ORD11165,2025-01-15,USB-C Hub,Accessories,Central,30.72,2,61.44,23.68,37.76
ORD11180,2025-01-15,Smartwatch,Wearables,West,127.89,2,255.78,117.95,137.83
ORD10680,2025-01-15,External SSD 1TB,Storage,North,70.83,4,283.32,102.64,180.68
ORD10610,2025-01-15,Laptop Stand,Accessories,East,34.03,3,102.09,43.68,58.41
ORD11653,2025-01-16,Webcam HD,Peripherals,West,57.8,1,57.8,19.97,37.83
ORD12995,2025-01-16,Bluetooth Speaker,Audio,North,58.35,2,116.7,44.12,72.58
ORD10179,2025-01-16,Mechanical Keyboard,Accessories,North,61.62,3,184.86,83.09,101.77
ORD10650,2025-01-17,Webcam HD,Peripherals,East,52.45,3,157.35,58.44,98.91
ORD10307,2025-01-17,Bluetooth Speaker,Audio,North,67.71,1,67.71,23.4,44.31
ORD10904,2025-01-18,Webcam HD,Peripherals,North,58.63,2,117.26,44.62,72.64
ORD12982,2025-01-18,Mechanical Keyboard,Accessories,North,55.99,4,223.96,93.9,130.06
ORD10382,2025-01-18,Bluetooth Speaker,Audio,East,31.22,2,62.44,25.26,37.18
ORD10437,2025-01-18,Wireless Mouse,Accessories,West,25.94,3,77.82,28.02,49.8
ORD10020,2025-01-19,27-inch Monitor,Displays,East,174.63,2,349.26,81.5,267.76
ORD11449,2025-01-19,External SSD 1TB,Storage,East,128.03,3,384.09,102.9,281.19
ORD11056,2025-01-20,27-inch Monitor,Displays,East,302.93,5,1514.65,342.28,1172.37
ORD12595,2025-01-20,External SSD 1TB,Storage,North,117.02,3,351.06,91.87,259.19
ORD11662,2025-01-21,Wireless Mouse,Accessories,North,28.47,4,113.88,48.98,64.9
ORD11126,2025-01-21,Bluetooth Speaker,Audio,South,43.7,2,87.4,33.59,53.81
ORD12990,2025-01-21,Laptop Stand,Accessories,West,20.81,2,41.62,17.92,23.7
ORD10180,2025-01-21,Laptop Stand,Accessories,West,23.45,2,46.9,20.07,26.83
ORD11020,2025-01-21,Bluetooth Speaker,Audio,West,54.11,3,162.33,63.86,98.47
ORD10458,2025-01-21,USB-C Hub,Accessories,East,32.08,1,32.08,13.08,19.0
ORD11986,2025-01-21,Laptop Stand,Accessories,East,27.17,4,108.68,45.57,63.11
ORD11114,2025-01-22,Laptop Stand,Accessories,West,30.81,4,123.24,62.59,60.65
ORD10003,2025-01-22,Laptop Stand,Accessories,Central,26.84,1,26.84,12.19,14.65
ORD12622,2025-01-22,Wireless Mouse,Accessories,West,20.44,3,61.32,26.88,34.44
ORD11712,2025-01-23,27-inch Monitor,Displays,West,225.47,4,901.88,263.14,638.74
ORD11055,2025-01-23,Laptop Stand,Accessories,Central,25.95,1,25.95,10.33,15.62
ORD12025,2025-01-23,External SSD 1TB,Storage,North,93.43,1,93.43,23.99,69.44
ORD10862,2025-01-23,Bluetooth Speaker,Audio,North,76.81,3,230.43,85.86,144.57
ORD12793,2025-01-23,USB-C Hub,Accessories,North,32.59,6,195.54,87.68,107.86
ORD12616,2025-01-23,Laptop Stand,Accessories,North,29.49,2,58.98,23.15,35.83
ORD11929,2025-01-23,Standing Desk,Furniture,East,397.71,2,795.42,118.6,676.82
ORD10249,2025-01-24,Wireless Mouse,Accessories,East,15.27,2,30.54,12.31,18.23
ORD11738,2025-01-24,External SSD 1TB,Storage,Central,119.86,2,239.72,64.94,174.78
ORD10990,2025-01-24,Webcam HD,Peripherals,South,48.2,2,96.4,40.85,55.55
ORD11228,2025-01-24,Wireless Mouse,Accessories,South,19.7,2,39.4,17.76,21.64
ORD12649,2025-01-24,Smartwatch,Wearables,South,102.88,2,205.76,86.55,119.21
ORD10550,2025-01-24,Laptop Stand,Accessories,South,23.41,2,46.82,19.36,27.46
ORD10723,2025-01-25,27-inch Monitor,Displays,West,314.83,3,944.49,237.51,706.98
ORD12539,2025-01-25,Mechanical Keyboard,Accessories,West,54.57,2,109.14,45.23,63.91
ORD11668,2025-01-25,External SSD 1TB,Storage,East,79.72,2,159.44,35.57,123.87
ORD11982,2025-01-25,Bluetooth Speaker,Audio,North,52.07,1,52.07,17.22,34.85
ORD12878,2025-01-25,Bluetooth Speaker,Audio,Central,57.57,1,57.57,22.64,34.93
ORD10702,2025-01-26,Laptop Stand,Accessories,South,26.06,3,78.18,33.29,44.89
ORD11444,2025-01-26,Smartwatch,Wearables,South,137.43,6,824.58,366.84,457.74
ORD12019,2025-01-27,Wireless Mouse,Accessories,East,21.06,4,84.24,36.26,47.98
ORD11749,2025-01-27,Laptop Stand,Accessories,Central,29.11,2,58.22,28.0,30.22
ORD10963,2025-01-28,Gaming Chair,Furniture,North,202.43,3,607.29,135.74,471.55
ORD10841,2025-01-28,Webcam HD,Peripherals,North,31.53,1,31.53,10.68,20.85
ORD11178,2025-01-29,Wireless Mouse,Accessories,Central,22.69,3,68.07,30.36,37.71
ORD12087,2025-01-29,Laptop Stand,Accessories,Central,29.08,1,29.08,10.78,18.3
ORD12523,2025-01-29,Laptop Stand,Accessories,Central,24.05,3,72.15,31.93,40.22
ORD11676,2025-01-30,Bluetooth Speaker,Audio,West,63.06,1,63.06,22.5,40.56
ORD12227,2025-01-30,Wireless Mouse,Accessories,South,27.28,1,27.28,10.79,16.49
ORD11353,2025-01-30,USB-C Hub,Accessories,South,23.63,2,47.26,20.01,27.25
ORD12775,2025-01-30,Webcam HD,Peripherals,South,51.24,2,102.48,41.01,61.47
ORD10059,2025-01-30,Laptop Stand,Accessories,South,29.43,3,88.29,35.11,53.18
ORD12720,2025-01-30,Mechanical Keyboard,Accessories,North,55.75,2,111.5,50.02,61.48
ORD10873,2025-01-31,Wireless Mouse,Accessories,Central,24.52,2,49.04,21.15,27.89
ORD11783,2025-01-31,External SSD 1TB,Storage,South,70.25,1,70.25,14.63,55.62
ORD12570,2025-01-31,Bluetooth Speaker,Audio,South,68.06,2,136.12,55.47,80.65
ORD10330,2025-02-01,USB-C Hub,Accessories,North,23.01,1,23.01,9.09,13.92
ORD10060,2025-02-01,Webcam HD,Peripherals,North,40.45,2,80.9,24.75,56.15
ORD10403,2025-02-01,Laptop Stand,Accessories,North,26.38,2,52.76,20.91,31.85
ORD12090,2025-02-02,Smartwatch,Wearables,East,171.47,1,171.47,73.42,98.05
ORD12095,2025-02-02,Laptop Stand,Accessories,West,32.65,3,97.95,42.88,55.07
ORD10774,2025-02-02,Wireless Mouse,Accessories,Central,20.81,1,20.81,8.28,12.53
ORD11752,2025-02-02,Laptop Stand,Accessories,North,24.5,1,24.5,11.39,13.11
ORD10574,2025-02-02,Webcam HD,Peripherals,South,57.85,1,57.85,20.63,37.22
ORD11795,2025-02-02,Wireless Mouse,Accessories,Central,16.6,1,16.6,6.61,9.99
ORD11957,2025-02-02,Laptop Stand,Accessories,West,32.0,1,32.0,12.64,19.36
ORD11471,2025-02-03,27-inch Monitor,Displays,South,274.05,5,1370.25,393.04,977.21
ORD10038,2025-02-03,Wireless Mouse,Accessories,East,28.3,1,28.3,10.16,18.14
ORD11708,2025-02-04,Wireless Mouse,Accessories,North,25.25,2,50.5,17.91,32.59
ORD11517,2025-02-04,Mechanical Keyboard,Accessories,East,62.77,4,251.08,98.79,152.29
ORD12187,2025-02-04,Bluetooth Speaker,Audio,West,72.65,4,290.6,115.92,174.68
ORD12004,2025-02-04,Laptop Stand,Accessories,Central,18.78,1,18.78,7.99,10.79
ORD12411,2025-02-04,Laptop Stand,Accessories,North,25.56,1,25.56,10.75,14.81
ORD10988,2025-02-04,Laptop Stand,Accessories,South,27.36,2,54.72,22.63,32.09
ORD11977,2025-02-04,Bluetooth Speaker,Audio,West,41.95,1,41.95,13.2,28.75
ORD10149,2025-02-04,USB-C Hub,Accessories,West,34.2,1,34.2,14.03,20.17
ORD11168,2025-02-05,Laptop Stand,Accessories,Central,21.91,1,21.91,8.04,13.87
ORD12814,2025-02-05,Noise Cancelling Headphones,Audio,West,79.83,3,239.49,97.01,142.48
ORD10271,2025-02-05,27-inch Monitor,Displays,Central,213.27,2,426.54,119.32,307.22
ORD11367,2025-02-05,Smartwatch,Wearables,North,144.07,1,144.07,64.44,79.63
ORD10023,2025-02-06,Bluetooth Speaker,Audio,Central,70.48,1,70.48,27.63,42.85
ORD11212,2025-02-06,USB-C Hub,Accessories,East,33.25,2,66.5,28.57,37.93
ORD11350,2025-02-06,External SSD 1TB,Storage,East,99.1,2,198.2,50.93,147.27
ORD11938,2025-02-07,Wireless Mouse,Accessories,East,18.56,3,55.68,23.97,31.71
ORD12289,2025-02-07,Wireless Mouse,Accessories,Central,24.05,2,48.1,19.35,28.75
ORD10427,2025-02-07,Bluetooth Speaker,Audio,East,75.92,4,303.68,103.23,200.45
ORD11998,2025-02-07,27-inch Monitor,Displays,South,284.48,2,568.96,165.14,403.82
ORD12511,2025-02-08,Wireless Mouse,Accessories,Central,16.82,1,16.82,7.79,9.03
ORD11683,2025-02-08,Wireless Mouse,Accessories,South,20.65,2,41.3,18.6,22.7
ORD10256,2025-02-08,Wireless Mouse,Accessories,East,18.9,1,18.9,7.82,11.08
ORD10338,2025-02-09,Bluetooth Speaker,Audio,South,78.54,1,78.54,31.29,47.25
ORD10240,2025-02-09,Wireless Mouse,Accessories,West,26.33,1,26.33,10.71,15.62
ORD12744,2025-02-09,Webcam HD,Peripherals,West,38.14,2,76.28,27.58,48.7
ORD11958,2025-02-10,USB-C Hub,Accessories,Central,28.9,1,28.9,11.61,17.29
ORD10842,2025-02-10,Laptop Stand,Accessories,North,20.12,1,20.12,8.54,11.58
ORD11283,2025-02-10,Bluetooth Speaker,Audio,West,69.88,2,139.76,61.51,78.25
ORD11797,2025-02-10,External SSD 1TB,Storage,South,80.47,1,80.47,21.98,58.49
ORD10355,2025-02-11,Noise Cancelling Headphones,Audio,South,136.1,3,408.3,173.51,234.79
ORD11887,2025-02-11,Webcam HD,Peripherals,North,50.74,3,152.22,49.74,102.48
ORD10070,2025-02-11,Webcam HD,Peripherals,South,34.71,1,34.71,11.43,23.28
ORD12477,2025-02-12,Smartwatch,Wearables,East,167.72,1,167.72,75.27,92.45
ORD11534,2025-02-12,Mechanical Keyboard,Accessories,East,45.41,1,45.41,19.83,25.58
ORD11643,2025-02-12,Noise Cancelling Headphones,Audio,Central,119.45,4,477.8,178.57,299.23
ORD12679,2025-02-13,27-inch Monitor,Displays,West,151.55,2,303.1,94.08,209.02
ORD11352,2025-02-13,Laptop Stand,Accessories,West,32.17,2,64.34,25.96,38.38
ORD10106,2025-02-13,Standing Desk,Furniture,Central,279.05,3,837.15,218.33,618.82
ORD10113,2025-02-14,Noise Cancelling Headphones,Audio,North,122.46,2,244.92,100.18,144.74
ORD10016,2025-02-14,Laptop Stand,Accessories,South,21.78,1,21.78,8.42,13.36
ORD12368,2025-02-14,Wireless Mouse,Accessories,South,18.26,2,36.52,15.98,20.54
ORD12855,2025-02-15,Mechanical Keyboard,Accessories,Central,49.46,2,98.92,40.88,58.04
ORD11741,2025-02-15,Laptop Stand,Accessories,East,33.79,4,135.16,60.9,74.26
ORD10457,2025-02-15,Laptop Stand,Accessories,South,30.54,2,61.08,24.67,36.41
ORD12965,2025-02-15,Webcam HD,Peripherals,West,42.98,1,42.98,15.44,27.54
ORD10924,2025-02-15,Noise Cancelling Headphones,Audio,West,78.26,5,391.3,155.1,236.2
ORD11597,2025-02-15,Mechanical Keyboard,Accessories,North,46.65,1,46.65,15.74,30.91
ORD12978,2025-02-16,Standing Desk,Furniture,West,306.45,3,919.35,150.4,768.95
ORD11733,2025-02-16,Smartwatch,Wearables,North,161.58,1,161.58,73.33,88.25
ORD12247,2025-02-16,USB-C Hub,Accessories,East,43.12,1,43.12,17.95,25.17
ORD10725,2025-02-16,Mechanical Keyboard,Accessories,South,86.9,4,347.6,156.58,191.02
ORD12718,2025-02-16,Bluetooth Speaker,Audio,East,69.23,1,69.23,26.78,42.45
ORD10922,2025-02-16,Mechanical Keyboard,Accessories,North,77.83,1,77.83,29.72,48.11
ORD11841,2025-02-17,Laptop Stand,Accessories,Central,28.64,2,57.28,24.62,32.66
ORD10296,2025-02-17,Wireless Mouse,Accessories,South,19.14,3,57.42,22.82,34.6
ORD12497,2025-02-17,Smartwatch,Wearables,South,191.25,1,191.25,84.75,106.5
ORD12010,2025-02-17,Bluetooth Speaker,Audio,North,49.7,2,99.4,36.25,63.15
ORD11213,2025-02-17,Mechanical Keyboard,Accessories,Central,86.68,3,260.04,111.94,148.1
ORD10272,2025-02-17,Smartwatch,Wearables,Central,161.12,1,161.12,65.63,95.49
ORD12795,2025-02-17,Laptop Stand,Accessories,East,20.87,1,20.87,8.06,12.81
ORD12641,2025-02-17,Laptop Stand,Accessories,North,25.39,3,76.17,26.91,49.26
ORD11148,2025-02-18,Webcam HD,Peripherals,East,35.21,2,70.42,29.18,41.24
ORD11672,2025-02-18,Standing Desk,Furniture,East,398.9,3,1196.7,227.41,969.29
ORD12344,2025-02-18,Mechanical Keyboard,Accessories,South,89.29,2,178.58,70.38,108.2
ORD12516,2025-02-18,Laptop Stand,Accessories,South,25.58,1,25.58,9.86,15.72
ORD11097,2025-02-18,USB-C Hub,Accessories,North,41.54,3,124.62,49.93,74.69
ORD10920,2025-02-18,Noise Cancelling Headphones,Audio,East,78.06,2,156.12,57.27,98.85
ORD10810,2025-02-19,USB-C Hub,Accessories,North,23.34,1,23.34,10.23,13.11
ORD12072,2025-02-19,Laptop Stand,Accessories,East,30.54,1,30.54,12.99,17.55
ORD11944,2025-02-19,Webcam HD,Peripherals,North,46.56,2,93.12,33.51,59.61
ORD10585,2025-02-19,Noise Cancelling Headphones,Audio,Central,132.49,3,397.47,143.99,253.48
ORD10490,2025-02-19,Bluetooth Speaker,Audio,North,74.08,5,370.4,139.94,230.46
ORD11247,2025-02-20,Bluetooth Speaker,Audio,South,70.56,1,70.56,29.39,41.17
ORD11090,2025-02-20,Webcam HD,Peripherals,North,53.87,6,323.22,112.9,210.32
ORD12190,2025-02-20,Wireless Mouse,Accessories,East,27.5,1,27.5,11.8,15.7
ORD11160,2025-02-20,Webcam HD,Peripherals,North,48.44,3,145.32,42.01,103.31
ORD12954,2025-02-20,Noise Cancelling Headphones,Audio,East,94.91,2,189.82,75.07,114.75
ORD12364,2025-02-20,Noise Cancelling Headphones,Audio,North,124.17,1,124.17,48.14,76.03
ORD12347,2025-02-21,Wireless Mouse,Accessories,Central,29.08,2,58.16,26.67,31.49
ORD12365,2025-02-21,Noise Cancelling Headphones,Audio,West,137.55,1,137.55,40.91,96.64
ORD12264,2025-02-21,Smartwatch,Wearables,East,104.85,5,524.25,236.26,287.99
ORD10130,2025-02-21,External SSD 1TB,Storage,South,129.32,4,517.28,127.32,389.96
ORD12352,2025-02-21,Laptop Stand,Accessories,West,24.52,3,73.56,31.06,42.5
ORD12167,2025-02-22,Wireless Mouse,Accessories,West,23.16,2,46.32,18.57,27.75
ORD10354,2025-02-22,Laptop Stand,Accessories,South,19.43,3,58.29,24.83,33.46
ORD12510,2025-02-22,External SSD 1TB,Storage,North,82.39,1,82.39,22.3,60.09
ORD10668,2025-02-22,Laptop Stand,Accessories,Central,20.26,2,40.52,17.06,23.46
ORD12366,2025-02-23,Laptop Stand,Accessories,West,27.53,1,27.53,11.31,16.22
ORD11159,2025-02-23,Mechanical Keyboard,Accessories,South,74.41,1,74.41,30.74,43.67
ORD12964,2025-02-23,External SSD 1TB,Storage,East,119.76,2,239.52,56.97,182.55
ORD12330,2025-02-23,Laptop Stand,Accessories,North,25.75,1,25.75,10.83,14.92
ORD11740,2025-02-23,Bluetooth Speaker,Audio,South,60.09,2,120.18,43.01,77.17
ORD12168,2025-02-24,27-inch Monitor,Displays,East,186.18,1,186.18,40.9,145.28
ORD10395,2025-02-24,Mechanical Keyboard,Accessories,North,42.11,4,168.44,77.5,90.94
ORD10416,2025-02-25,Webcam HD,Peripherals,North,33.47,2,66.94,19.86,47.08
ORD10957,2025-02-25,Webcam HD,Peripherals,East,59.71,2,119.42,41.29,78.13
ORD10028,2025-02-25,Noise Cancelling Headphones,Audio,South,112.26,3,336.78,114.55,222.23
ORD10254,2025-02-25,Laptop Stand,Accessories,South,20.22,2,40.44,16.61,23.83
ORD12660,2025-02-25,USB-C Hub,Accessories,East,33.89,1,33.89,13.23,20.66
ORD10443,2025-02-26,Laptop Stand,Accessories,West,33.66,3,100.98,42.2,58.78
ORD12334,2025-02-26,Smartwatch,Wearables,South,166.1,5,830.5,352.08,478.42
ORD12310,2025-02-26,Laptop Stand,Accessories,East,32.73,1,32.73,12.45,20.28
ORD12729,2025-02-27,External SSD 1TB,Storage,Central,109.57,1,109.57,28.31,81.26
ORD12406,2025-02-27,Webcam HD,Peripherals,East,30.89,5,154.45,60.1,94.35
ORD10531,2025-02-27,Laptop Stand,Accessories,North,23.3,1,23.3,10.01,13.29
ORD10776,2025-02-28,Mechanical Keyboard,Accessories,South,52.13,2,104.26,44.03,60.23
ORD10882,2025-02-28,Laptop Stand,Accessories,Central,21.27,1,21.27,8.24,13.03
ORD10329,2025-03-01,Bluetooth Speaker,Audio,East,71.97,4,287.88,108.38,179.5
ORD10569,2025-03-01,External SSD 1TB,Storage,West,119.24,2,238.48,62.56,175.92
ORD10292,2025-03-01,External SSD 1TB,Storage,South,83.53,2,167.06,38.32,128.74
ORD12098,2025-03-01,Wireless Mouse,Accessories,North,23.61,4,94.44,42.11,52.33
ORD10659,2025-03-02,Wireless Mouse,Accessories,South,28.92,1,28.92,12.08,16.84
ORD10730,2025-03-02,Wireless Mouse,Accessories,East,18.03,1,18.03,7.74,10.29
ORD11922,2025-03-02,Mechanical Keyboard,Accessories,West,72.68,4,290.72,117.43,173.29
ORD11528,2025-03-03,27-inch Monitor,Displays,North,236.03,2,472.06,124.68,347.38
ORD12194,2025-03-03,Laptop Stand,Accessories,Central,32.21,2,64.42,27.4,37.02
ORD12741,2025-03-03,USB-C Hub,Accessories,North,44.73,4,178.92,76.99,101.93
ORD11379,2025-03-03,Wireless Mouse,Accessories,Central,23.84,2,47.68,20.46,27.22
ORD11422,2025-03-03,Smartwatch,Wearables,South,179.87,1,179.87,75.22,104.65
ORD12986,2025-03-04,Smartwatch,Wearables,North,91.94,2,183.88,78.46,105.42
ORD10797,2025-03-04,Wireless Mouse,Accessories,West,16.94,1,16.94,7.08,9.86
ORD11366,2025-03-05,27-inch Monitor,Displays,South,282.02,2,564.04,125.75,438.29
ORD12874,2025-03-05,Laptop Stand,Accessories,South,25.16,2,50.32,22.64,27.68
ORD12485,2025-03-05,Webcam HD,Peripherals,North,42.21,2,84.42,30.23,54.19
ORD12727,2025-03-05,Laptop Stand,Accessories,Central,32.56,1,32.56,13.67,18.89
ORD11599,2025-03-06,Laptop Stand,Accessories,North,30.75,1,30.75,12.21,18.54
ORD10714,2025-03-06,USB-C Hub,Accessories,North,30.7,1,30.7,13.61,17.09
ORD11164,2025-03-06,Smartwatch,Wearables,East,138.71,2,277.42,122.16,155.26
ORD10886,2025-03-07,Webcam HD,Peripherals,Central,50.02,1,50.02,20.28,29.74
ORD12808,2025-03-07,Smartwatch,Wearables,Central,109.96,7,769.72,354.31,415.41
ORD11429,2025-03-09,Webcam HD,Peripherals,West,54.15,1,54.15,16.45,37.7
ORD10361,2025-03-09,Laptop Stand,Accessories,North,18.47,3,55.41,24.4,31.01
ORD12446,2025-03-10,Laptop Stand,Accessories,North,25.14,1,25.14,10.12,15.02
ORD11780,2025-03-10,Smartwatch,Wearables,South,167.66,1,167.66,72.57,95.09
ORD10305,2025-03-10,Noise Cancelling Headphones,Audio,East,109.09,1,109.09,40.5,68.59
ORD12074,2025-03-10,Mechanical Keyboard,Accessories,South,46.99,2,93.98,38.96,55.02
ORD12895,2025-03-11,Laptop Stand,Accessories,South,25.77,1,25.77,10.98,14.79
ORD11943,2025-03-11,Smartwatch,Wearables,Central,98.64,1,98.64,46.49,52.15
ORD11376,2025-03-11,Mechanical Keyboard,Accessories,West,65.28,2,130.56,56.41,74.15
ORD11960,2025-03-12,Bluetooth Speaker,Audio,North,65.63,4,262.52,93.63,168.89
ORD10169,2025-03-12,Bluetooth Speaker,Audio,South,38.04,3,114.12,38.55,75.57
ORD10282,2025-03-12,Laptop Stand,Accessories,West,23.56,1,23.56,9.29,14.27
ORD10387,2025-03-12,Wireless Mouse,Accessories,West,18.22,2,36.44,15.64,20.8
ORD10892,2025-03-12,Webcam HD,Peripherals,Central,35.81,3,107.43,40.22,67.21
ORD11255,2025-03-12,Laptop Stand,Accessories,North,32.45,4,129.8,61.31,68.49
ORD12607,2025-03-12,Webcam HD,Peripherals,Central,36.63,4,146.52,45.11,101.41
ORD10753,2025-03-13,Bluetooth Speaker,Audio,Central,70.26,1,70.26,26.75,43.51
ORD11192,2025-03-13,USB-C Hub,Accessories,West,25.28,2,50.56,20.8,29.76
ORD12764,2025-03-13,Mechanical Keyboard,Accessories,East,84.72,4,338.88,137.66,201.22
ORD10401,2025-03-13,Webcam HD,Peripherals,East,27.99,1,27.99,9.86,18.13
ORD12646,2025-03-13,Smartwatch,Wearables,South,111.64,1,111.64,49.21,62.43
ORD10520,2025-03-13,Webcam HD,Peripherals,North,45.75,1,45.75,15.57,30.18
ORD10964,2025-03-13,27-inch Monitor,Displays,East,153.58,1,153.58,39.75,113.83
ORD12796,2025-03-13,Mechanical Keyboard,Accessories,North,78.59,1,78.59,33.8,44.79
ORD10536,2025-03-14,Bluetooth Speaker,Audio,East,50.81,5,254.05,104.13,149.92
ORD10568,2025-03-14,USB-C Hub,Accessories,West,44.74,1,44.74,20.9,23.84
ORD11166,2025-03-14,Noise Cancelling Headphones,Audio,East,76.79,2,153.58,55.67,97.91
ORD10678,2025-03-14,Laptop Stand,Accessories,West,25.41,2,50.82,19.65,31.17
ORD10229,2025-03-14,Webcam HD,Peripherals,North,30.88,3,92.64,31.53,61.11
ORD12256,2025-03-14,27-inch Monitor,Displays,Central,197.32,2,394.64,99.91,294.73
ORD11615,2025-03-14,Webcam HD,Peripherals,South,56.14,2,112.28,42.57,69.71
ORD10358,2025-03-15,Mechanical Keyboard,Accessories,West,72.29,1,72.29,28.46,43.83
ORD11216,2025-03-15,Bluetooth Speaker,Audio,Central,48.3,2,96.6,36.75,59.85
ORD10952,2025-03-15,Webcam HD,Peripherals,East,49.84,1,49.84,15.35,34.49
ORD11937,2025-03-15,Bluetooth Speaker,Audio,North,58.49,3,175.47,64.53,110.94
ORD12122,2025-03-15,Wireless Mouse,Accessories,West,29.93,3,89.79,38.07,51.72
ORD11010,2025-03-16,Bluetooth Speaker,Audio,Central,35.71,2,71.42,30.29,41.13
ORD10099,2025-03-16,Bluetooth Speaker,Audio,Central,56.75,2,113.5,40.57,72.93
ORD11162,2025-03-16,Noise Cancelling Headphones,Audio,Central,90.49,2,180.98,70.46,110.52
ORD11083,2025-03-17,Bluetooth Speaker,Audio,East,78.41,1,78.41,24.77,53.64
ORD12399,2025-03-17,Webcam HD,Peripherals,North,46.87,5,234.35,73.11,161.24
ORD10817,2025-03-17,Smartwatch,Wearables,North,189.17,1,189.17,80.16,109.01
ORD12000,2025-03-17,27-inch Monitor,Displays,West,152.99,5,764.95,201.35,563.6
ORD10376,2025-03-18,Wireless Mouse,Accessories,Central,29.57,2,59.14,25.5,33.64
ORD10747,2025-03-18,Noise Cancelling Headphones,Audio,North,84.67,3,254.01,100.87,153.14
ORD10151,2025-03-18,External SSD 1TB,Storage,North,72.22,2,144.44,28.87,115.57
ORD12361,2025-03-18,External SSD 1TB,Storage,West,111.77,2,223.54,59.02,164.52
ORD12884,2025-03-19,Laptop Stand,Accessories,West,21.65,3,64.95,24.99,39.96
ORD11093,2025-03-19,Smartwatch,Wearables,Central,179.96,2,359.92,181.11,178.81
ORD11394,2025-03-19,Smartwatch,Wearables,North,117.27,4,469.08,214.61,254.47
ORD11169,2025-03-20,Wireless Mouse,Accessories,South,24.47,6,146.82,62.06,84.76
ORD11024,2025-03-20,Laptop Stand,Accessories,East,32.54,2,65.08,26.87,38.21
ORD12507,2025-03-20,Laptop Stand,Accessories,North,19.61,2,39.22,16.36,22.86
ORD10225,2025-03-20,27-inch Monitor,Displays,East,313.7,3,941.1,261.79,679.31
ORD10911,2025-03-20,Laptop Stand,Accessories,South,23.22,1,23.22,9.23,13.99
ORD12509,2025-03-20,External SSD 1TB,Storage,East,115.42,3,346.26,93.66,252.6
ORD11136,2025-03-20,Laptop Stand,Accessories,West,21.93,2,43.86,18.69,25.17
ORD10566,2025-03-20,27-inch Monitor,Displays,West,222.0,1,222.0,66.73,155.27
ORD10560,2025-03-21,Laptop Stand,Accessories,West,19.99,2,39.98,16.64,23.34
ORD12356,2025-03-21,Gaming Chair,Furniture,North,226.66,5,1133.3,270.27,863.03
ORD12584,2025-03-22,Bluetooth Speaker,Audio,South,73.3,3,219.9,78.15,141.75
ORD10821,2025-03-22,Laptop Stand,Accessories,North,23.49,1,23.49,12.33,11.16
ORD12825,2025-03-22,Laptop Stand,Accessories,East,26.83,1,26.83,10.65,16.18
ORD11951,2025-03-22,USB-C Hub,Accessories,North,40.86,1,40.86,16.54,24.32
ORD11234,2025-03-22,Webcam HD,Peripherals,West,46.17,2,92.34,34.81,57.53
ORD11231,2025-03-22,Laptop Stand,Accessories,North,31.44,2,62.88,28.61,34.27
ORD12163,2025-03-22,External SSD 1TB,Storage,North,97.53,4,390.12,87.47,302.65
ORD10535,2025-03-22,Webcam HD,Peripherals,West,49.05,1,49.05,14.63,34.42
ORD10973,2025-03-22,Laptop Stand,Accessories,Central,27.51,1,27.51,10.35,17.16
ORD12091,2025-03-22,Standing Desk,Furniture,South,397.43,1,397.43,74.83,322.6
ORD12830,2025-03-23,Mechanical Keyboard,Accessories,South,58.71,3,176.13,69.49,106.64
ORD10362,2025-03-23,Laptop Stand,Accessories,South,24.72,1,24.72,10.21,14.51
ORD10171,2025-03-23,Webcam HD,Peripherals,West,52.29,1,52.29,19.82,32.47
ORD10840,2025-03-23,Bluetooth Speaker,Audio,West,55.7,3,167.1,68.59,98.51
ORD10849,2025-03-24,Wireless Mouse,Accessories,West,28.82,2,57.64,23.04,34.6
ORD12340,2025-03-24,Bluetooth Speaker,Audio,Central,42.0,2,84.0,33.12,50.88
ORD12236,2025-03-24,Smartwatch,Wearables,South,166.98,4,667.92,316.93,350.99
ORD12328,2025-03-24,Wireless Mouse,Accessories,South,22.23,1,22.23,10.23,12.0
ORD10487,2025-03-24,USB-C Hub,Accessories,Central,28.19,2,56.38,23.3,33.08
ORD12206,2025-03-25,Mechanical Keyboard,Accessories,North,55.57,2,111.14,43.98,67.16
ORD10736,2025-03-25,Smartwatch,Wearables,South,146.43,1,146.43,68.89,77.54
ORD10144,2025-03-25,Wireless Mouse,Accessories,North,16.13,3,48.39,22.43,25.96
ORD11156,2025-03-25,Mechanical Keyboard,Accessories,North,44.81,3,134.43,54.08,80.35
ORD11116,2025-03-26,Laptop Stand,Accessories,South,21.83,1,21.83,10.4,11.43
ORD11893,2025-03-26,Webcam HD,Peripherals,West,48.41,2,96.82,38.69,58.13
ORD11660,2025-03-26,Webcam HD,Peripherals,North,58.53,1,58.53,19.91,38.62
ORD10454,2025-03-27,Smartwatch,Wearables,West,174.18,1,174.18,69.84,104.34
ORD11152,2025-03-27,External SSD 1TB,Storage,South,90.41,1,90.41,20.8,69.61
ORD10462,2025-03-27,Smartwatch,Wearables,Central,92.71,2,185.42,81.11,104.31
ORD10652,2025-03-28,Webcam HD,Peripherals,East,51.73,1,51.73,18.83,32.9
ORD11874,2025-03-28,Noise Cancelling Headphones,Audio,East,64.83,1,64.83,21.26,43.57
ORD11669,2025-03-28,Smartwatch,Wearables,South,101.56,2,203.12,105.81,97.31
ORD10216,2025-03-29,Standing Desk,Furniture,South,419.47,2,838.94,241.78,597.16
ORD12601,2025-03-29,Laptop Stand,Accessories,North,28.31,5,141.55,56.09,85.46
ORD10324,2025-03-29,External SSD 1TB,Storage,East,83.63,3,250.89,48.2,202.69
ORD12572,2025-03-30,Laptop Stand,Accessories,West,28.3,1,28.3,11.68,16.62
ORD12359,2025-03-30,Laptop Stand,Accessories,South,28.98,1,28.98,12.48,16.5
ORD10217,2025-03-30,Wireless Mouse,Accessories,South,19.87,2,39.74,18.21,21.53
ORD11210,2025-03-30,Smartwatch,Wearables,West,131.35,1,131.35,61.64,69.71
ORD10853,2025-03-30,USB-C Hub,Accessories,East,33.64,1,33.64,13.86,19.78
ORD10413,2025-03-31,Webcam HD,Peripherals,Central,38.59,2,77.18,22.3,54.88
ORD11157,2025-03-31,Laptop Stand,Accessories,North,23.81,4,95.24,41.26,53.98
ORD12067,2025-03-31,Smartwatch,Wearables,West,135.74,2,271.48,128.46,143.02
ORD10583,2025-04-01,Laptop Stand,Accessories,North,27.74,1,27.74,11.33,16.41
ORD12286,2025-04-01,Smartwatch,Wearables,Central,192.34,5,961.7,438.67,523.03
ORD12805,2025-04-01,Wireless Mouse,Accessories,Central,29.31,1,29.31,12.43,16.88
ORD10251,2025-04-01,Laptop Stand,Accessories,West,20.9,1,20.9,8.58,12.32
ORD12023,2025-04-02,Mechanical Keyboard,Accessories,East,82.87,3,248.61,95.27,153.34
ORD12371,2025-04-02,Laptop Stand,Accessories,North,25.46,1,25.46,10.9,14.56
ORD12514,2025-04-02,Bluetooth Speaker,Audio,South,61.67,3,185.01,62.04,122.97
ORD10399,2025-04-03,Bluetooth Speaker,Audio,South,62.39,2,124.78,52.4,72.38
ORD10766,2025-04-03,Standing Desk,Furniture,South,355.88,1,355.88,67.94,287.94
ORD11396,2025-04-03,Laptop Stand,Accessories,West,32.9,1,32.9,14.23,18.67
ORD11996,2025-04-03,Laptop Stand,Accessories,North,18.94,4,75.76,30.0,45.76
ORD12582,2025-04-03,Standing Desk,Furniture,East,298.76,4,1195.04,273.91,921.13
ORD10741,2025-04-03,Webcam HD,Peripherals,West,53.2,3,159.6,54.5,105.1
ORD10224,2025-04-03,Mechanical Keyboard,Accessories,West,82.97,2,165.94,71.98,93.96
ORD12773,2025-04-04,Laptop Stand,Accessories,East,23.68,1,23.68,9.33,14.35
ORD12496,2025-04-04,Webcam HD,Peripherals,East,42.58,2,85.16,25.45,59.71
ORD11307,2025-04-04,Laptop Stand,Accessories,North,20.54,1,20.54,8.41,12.13
ORD12238,2025-04-04,Laptop Stand,Accessories,South,26.55,2,53.1,21.63,31.47
ORD10867,2025-04-05,27-inch Monitor,Displays,Central,262.69,4,1050.76,244.47,806.29
ORD12860,2025-04-05,Bluetooth Speaker,Audio,East,57.16,6,342.96,122.46,220.5
ORD10011,2025-04-05,USB-C Hub,Accessories,East,42.39,3,127.17,46.74,80.43
ORD12902,2025-04-05,Laptop Stand,Accessories,South,23.92,3,71.76,30.23,41.53
ORD12125,2025-04-06,27-inch Monitor,Displays,East,242.21,1,242.21,64.56,177.65
ORD11856,2025-04-07,Wireless Mouse,Accessories,Central,15.65,3,46.95,19.63,27.32
ORD11042,2025-04-07,Laptop Stand,Accessories,South,21.38,1,21.38,10.6,10.78
ORD12885,2025-04-07,Bluetooth Speaker,Audio,North,74.84,1,74.84,28.63,46.21
ORD11671,2025-04-07,Wireless Mouse,Accessories,North,27.65,7,193.55,83.03,110.52
ORD12052,2025-04-07,27-inch Monitor,Displays,West,316.11,2,632.22,187.5,444.72
ORD10670,2025-04-07,Mechanical Keyboard,Accessories,West,63.59,2,127.18,52.6,74.58
ORD12066,2025-04-07,Webcam HD,Peripherals,East,38.61,2,77.22,25.48,51.74
ORD12182,2025-04-08,Smartwatch,Wearables,Central,143.88,2,287.76,136.43,151.33
ORD12939,2025-04-08,Laptop Stand,Accessories,North,22.57,1,22.57,10.13,12.44
ORD11654,2025-04-09,27-inch Monitor,Displays,East,272.51,1,272.51,51.85,220.66
ORD12594,2025-04-09,USB-C Hub,Accessories,East,39.95,2,79.9,32.99,46.91
ORD12841,2025-04-09,27-inch Monitor,Displays,North,188.27,1,188.27,50.37,137.9
ORD10939,2025-04-10,External SSD 1TB,Storage,South,100.05,1,100.05,23.09,76.96
ORD10086,2025-04-10,27-inch Monitor,Displays,North,180.09,1,180.09,56.72,123.37
ORD11919,2025-04-11,Laptop Stand,Accessories,North,25.1,3,75.3,30.25,45.05
ORD12890,2025-04-11,External SSD 1TB,Storage,North,124.17,4,496.68,135.9,360.78
ORD11120,2025-04-11,Laptop Stand,Accessories,North,24.86,4,99.44,39.92,59.52
ORD12853,2025-04-11,27-inch Monitor,Displays,East,258.47,2,516.94,137.23,379.71
ORD12106,2025-04-11,Laptop Stand,Accessories,East,30.84,4,123.36,54.22,69.14
ORD10785,2025-04-12,Bluetooth Speaker,Audio,South,53.58,1,53.58,19.05,34.53
ORD10661,2025-04-12,Webcam HD,Peripherals,Central,25.78,1,25.78,8.84,16.94
ORD10901,2025-04-12,Laptop Stand,Accessories,East,25.73,1,25.73,9.9,15.83
ORD12534,2025-04-12,Laptop Stand,Accessories,South,34.22,2,68.44,26.77,41.67
ORD12640,2025-04-13,External SSD 1TB,Storage,West,76.05,1,76.05,20.48,55.57
ORD12006,2025-04-13,Webcam HD,Peripherals,West,52.57,2,105.14,38.4,66.74
ORD10284,2025-04-13,Wireless Mouse,Accessories,North,17.68,1,17.68,6.78,10.9
ORD11446,2025-04-14,Bluetooth Speaker,Audio,South,52.77,2,105.54,36.11,69.43
ORD11121,2025-04-14,Bluetooth Speaker,Audio,East,38.51,1,38.51,17.48,21.03
ORD11640,2025-04-14,Laptop Stand,Accessories,South,34.09,2,68.18,27.16,41.02
ORD10222,2025-04-14,USB-C Hub,Accessories,East,24.16,4,96.64,37.83,58.81
ORD10931,2025-04-14,27-inch Monitor,Displays,West,280.44,3,841.32,246.5,594.82
ORD12540,2025-04-14,Noise Cancelling Headphones,Audio,North,128.14,1,128.14,45.41,82.73
ORD12261,2025-04-15,Webcam HD,Peripherals,North,30.15,3,90.45,30.45,60.0
ORD11491,2025-04-15,Mechanical Keyboard,Accessories,South,68.97,4,275.88,122.6,153.28
ORD12327,2025-04-15,Mechanical Keyboard,Accessories,North,62.66,3,187.98,84.13,103.85
ORD10133,2025-04-15,Wireless Mouse,Accessories,West,27.46,2,54.92,22.61,32.31
ORD10600,2025-04-15,External SSD 1TB,Storage,South,84.79,2,169.58,48.81,120.77
ORD10218,2025-04-17,Webcam HD,Peripherals,East,44.1,1,44.1,15.14,28.96
ORD12999,2025-04-17,Wireless Mouse,Accessories,West,18.78,2,37.56,15.41,22.15
ORD11098,2025-04-17,Webcam HD,Peripherals,East,58.04,2,116.08,40.33,75.75
ORD11128,2025-04-17,External SSD 1TB,Storage,Central,116.31,4,465.24,110.91,354.33
ORD11810,2025-04-18,Noise Cancelling Headphones,Audio,West,96.62,3,289.86,114.03,175.83
ORD12521,2025-04-18,27-inch Monitor,Displays,West,189.12,2,378.24,108.2,270.04
ORD10869,2025-04-18,Laptop Stand,Accessories,North,19.5,3,58.5,23.07,35.43
ORD11852,2025-04-18,Wireless Mouse,Accessories,East,25.72,3,77.16,32.64,44.52
ORD11358,2025-04-19,Webcam HD,Peripherals,Central,28.74,4,114.96,38.09,76.87
ORD10433,2025-04-19,Wireless Mouse,Accessories,West,29.11,4,116.44,46.61,69.83
ORD12397,2025-04-20,Bluetooth Speaker,Audio,North,71.12,2,142.24,53.11,89.13
ORD11742,2025-04-20,Laptop Stand,Accessories,North,24.81,4,99.24,44.47,54.77
ORD10289,2025-04-20,Bluetooth Speaker,Audio,North,79.92,4,319.68,123.36,196.32
ORD11623,2025-04-20,External SSD 1TB,Storage,West,81.78,1,81.78,23.36,58.42
ORD10319,2025-04-20,External SSD 1TB,Storage,South,119.14,2,238.28,70.16,168.12
ORD10128,2025-04-20,External SSD 1TB,Storage,North,122.02,2,244.04,60.17,183.87
ORD11755,2025-04-20,Laptop Stand,Accessories,West,27.73,2,55.46,22.15,33.31
ORD10140,2025-04-20,Bluetooth Speaker,Audio,North,51.1,2,102.2,36.18,66.02
ORD12663,2025-04-21,Wireless Mouse,Accessories,Central,29.95,3,89.85,38.27,51.58
ORD12992,2025-04-21,Laptop Stand,Accessories,East,26.49,4,105.96,47.0,58.96
ORD10444,2025-04-21,Mechanical Keyboard,Accessories,North,50.67,1,50.67,23.57,27.1
ORD11264,2025-04-21,Smartwatch,Wearables,South,188.18,3,564.54,230.56,333.98
ORD12133,2025-04-21,External SSD 1TB,Storage,North,119.03,3,357.09,98.31,258.78
ORD11269,2025-04-21,External SSD 1TB,Storage,North,87.25,2,174.5,48.82,125.68
ORD12983,2025-04-21,Laptop Stand,Accessories,North,23.55,3,70.65,34.67,35.98
ORD11025,2025-04-21,Webcam HD,Peripherals,Central,34.63,2,69.26,24.47,44.79
ORD10125,2025-04-21,Laptop Stand,Accessories,West,27.6,1,27.6,11.5,16.1
ORD10200,2025-04-22,USB-C Hub,Accessories,North,25.94,3,77.82,28.96,48.86
ORD10110,2025-04-22,Standing Desk,Furniture,North,397.15,1,397.15,77.2,319.95
ORD10640,2025-04-22,Laptop Stand,Accessories,North,19.68,1,19.68,7.57,12.11
ORD11119,2025-04-23,Wireless Mouse,Accessories,West,16.43,1,16.43,6.37,10.06
ORD12270,2025-04-23,Mechanical Keyboard,Accessories,South,77.46,3,232.38,90.81,141.57
ORD10825,2025-04-23,Laptop Stand,Accessories,North,22.51,2,45.02,16.74,28.28
ORD11666,2025-04-23,Noise Cancelling Headphones,Audio,North,92.81,1,92.81,34.81,58.0
ORD10814,2025-04-23,27-inch Monitor,Displays,West,223.48,1,223.48,64.68,158.8
ORD12055,2025-04-24,Smartwatch,Wearables,South,176.92,1,176.92,83.27,93.65
ORD11799,2025-04-24,Laptop Stand,Accessories,Central,29.83,2,59.66,24.76,34.9
ORD12183,2025-04-24,Mechanical Keyboard,Accessories,North,46.53,1,46.53,20.92,25.61
ORD10032,2025-04-25,USB-C Hub,Accessories,East,38.06,1,38.06,17.12,20.94
ORD12058,2025-04-25,Smartwatch,Wearables,South,156.6,3,469.8,189.04,280.76
ORD12973,2025-04-25,Mechanical Keyboard,Accessories,West,69.89,5,349.45,143.18,206.27
ORD11407,2025-04-26,Webcam HD,Peripherals,West,39.06,4,156.24,48.51,107.73
ORD11123,2025-04-26,27-inch Monitor,Displays,North,265.85,2,531.7,132.17,399.53
ORD10177,2025-04-26,27-inch Monitor,Displays,West,319.51,2,639.02,181.15,457.87
ORD12519,2025-04-27,Smartwatch,Wearables,East,177.24,1,177.24,78.73,98.51
ORD10851,2025-04-27,Mechanical Keyboard,Accessories,West,40.12,2,80.24,37.06,43.18
ORD11778,2025-04-27,Mechanical Keyboard,Accessories,North,64.96,1,64.96,31.14,33.82
ORD10449,2025-04-27,Smartwatch,Wearables,West,107.21,4,428.84,197.53,231.31
ORD10408,2025-04-28,Webcam HD,Peripherals,North,55.77,4,223.08,76.36,146.72
ORD12648,2025-04-28,Noise Cancelling Headphones,Audio,South,133.21,2,266.42,99.56,166.86
ORD10363,2025-04-29,External SSD 1TB,Storage,Central,92.22,2,184.44,45.69,138.75
ORD12301,2025-04-29,Webcam HD,Peripherals,East,43.28,1,43.28,15.81,27.47
ORD12551,2025-04-29,Smartwatch,Wearables,North,90.76,5,453.8,193.36,260.44
ORD11158,2025-04-29,Mechanical Keyboard,Accessories,North,80.29,3,240.87,104.93,135.94
ORD12915,2025-04-30,Wireless Mouse,Accessories,North,26.18,1,26.18,10.76,15.42
ORD11934,2025-04-30,Laptop Stand,Accessories,West,29.45,1,29.45,13.25,16.2
ORD12955,2025-04-30,External SSD 1TB,Storage,South,113.26,3,339.78,98.22,241.56
ORD11099,2025-04-30,Laptop Stand,Accessories,South,30.01,2,60.02,28.23,31.79
ORD10371,2025-05-01,Mechanical Keyboard,Accessories,South,79.71,3,239.13,98.89,140.24
ORD11327,2025-05-01,Smartwatch,Wearables,South,93.5,1,93.5,38.12,55.38
ORD12518,2025-05-01,Noise Cancelling Headphones,Audio,West,141.1,1,141.1,46.24,94.86
ORD11565,2025-05-02,Webcam HD,Peripherals,East,52.64,1,52.64,17.87,34.77
ORD11941,2025-05-02,External SSD 1TB,Storage,South,74.6,2,149.2,30.7,118.5
ORD10643,2025-05-03,External SSD 1TB,Storage,Central,74.81,4,299.24,59.52,239.72
ORD11343,2025-05-03,Bluetooth Speaker,Audio,West,62.27,2,124.54,45.8,78.74
ORD10453,2025-05-03,Bluetooth Speaker,Audio,South,46.62,1,46.62,16.26,30.36
ORD12061,2025-05-03,Mechanical Keyboard,Accessories,North,58.79,2,117.58,51.62,65.96
ORD10669,2025-05-03,USB-C Hub,Accessories,East,28.89,3,86.67,41.3,45.37
ORD12197,2025-05-04,External SSD 1TB,Storage,South,73.09,2,146.18,35.32,110.86
ORD12504,2025-05-04,Bluetooth Speaker,Audio,East,58.22,5,291.1,112.89,178.21
ORD10637,2025-05-04,Bluetooth Speaker,Audio,North,36.77,1,36.77,12.18,24.59
ORD10280,2025-05-05,Laptop Stand,Accessories,East,30.62,3,91.86,38.94,52.92
ORD10679,2025-05-05,Wireless Mouse,Accessories,South,17.58,1,17.58,6.99,10.59
ORD12110,2025-05-06,Laptop Stand,Accessories,South,26.93,3,80.79,31.15,49.64
ORD11256,2025-05-06,Laptop Stand,Accessories,North,25.62,3,76.86,27.87,48.99
ORD11684,2025-05-06,Laptop Stand,Accessories,South,22.27,1,22.27,10.39,11.88
ORD12828,2025-05-06,Laptop Stand,Accessories,South,26.53,2,53.06,19.64,33.42
ORD10555,2025-05-06,Mechanical Keyboard,Accessories,South,52.0,2,104.0,39.76,64.24
ORD12387,2025-05-06,Laptop Stand,Accessories,Central,27.26,2,54.52,22.84,31.68
ORD12131,2025-05-07,Laptop Stand,Accessories,South,21.55,3,64.65,27.62,37.03
ORD11424,2025-05-07,27-inch Monitor,Displays,East,188.37,1,188.37,54.13,134.24
ORD11130,2025-05-07,Noise Cancelling Headphones,Audio,West,108.83,1,108.83,41.56,67.27
ORD10686,2025-05-07,Noise Cancelling Headphones,Audio,East,125.64,1,125.64,44.21,81.43
ORD10818,2025-05-07,Webcam HD,Peripherals,East,57.03,1,57.03,21.2,35.83
ORD12043,2025-05-07,Laptop Stand,Accessories,East,28.97,4,115.88,49.19,66.69
ORD10252,2025-05-08,Wireless Mouse,Accessories,East,25.38,1,25.38,9.52,15.86
ORD11558,2025-05-08,27-inch Monitor,Displays,East,212.95,1,212.95,69.59,143.36
ORD11201,2025-05-08,Bluetooth Speaker,Audio,South,43.45,2,86.9,32.02,54.88
ORD12788,2025-05-09,Webcam HD,Peripherals,North,41.25,2,82.5,31.12,51.38
ORD10835,2025-05-09,Smartwatch,Wearables,East,123.21,2,246.42,99.83,146.59
ORD10423,2025-05-09,27-inch Monitor,Displays,East,227.9,7,1595.3,387.79,1207.51
ORD10769,2025-05-10,27-inch Monitor,Displays,Central,225.28,3,675.84,176.79,499.05
ORD10439,2025-05-10,Standing Desk,Furniture,North,401.67,4,1606.68,318.21,1288.47
ORD12928,2025-05-10,Laptop Stand,Accessories,West,29.75,1,29.75,13.36,16.39
ORD10682,2025-05-10,Laptop Stand,Accessories,Central,18.97,1,18.97,7.02,11.95
ORD10638,2025-05-10,Webcam HD,Peripherals,South,39.05,1,39.05,13.82,25.23
ORD10153,2025-05-11,Webcam HD,Peripherals,South,48.16,4,192.64,61.34,131.3
ORD11543,2025-05-11,Laptop Stand,Accessories,North,26.3,4,105.2,45.7,59.5
ORD11508,2025-05-11,27-inch Monitor,Displays,North,178.58,5,892.9,254.58,638.32
ORD11655,2025-05-12,Wireless Mouse,Accessories,Central,20.02,2,40.04,16.11,23.93
ORD12847,2025-05-12,USB-C Hub,Accessories,East,27.69,1,27.69,13.45,14.24
ORD11618,2025-05-12,Laptop Stand,Accessories,South,34.43,4,137.72,57.51,80.21
ORD12008,2025-05-12,External SSD 1TB,Storage,North,90.79,2,181.58,51.17,130.41
ORD11089,2025-05-12,Noise Cancelling Headphones,Audio,North,98.84,3,296.52,100.55,195.97
ORD12852,2025-05-12,Noise Cancelling Headphones,Audio,South,135.52,2,271.04,101.7,169.34
ORD12962,2025-05-12,Smartwatch,Wearables,North,165.68,1,165.68,74.83,90.85
ORD11691,2025-05-12,Noise Cancelling Headphones,Audio,West,85.41,3,256.23,98.17,158.06
ORD12785,2025-05-13,Smartwatch,Wearables,West,193.64,2,387.28,169.89,217.39
ORD12393,2025-05-14,External SSD 1TB,Storage,South,106.5,2,213.0,47.74,165.26
ORD10134,2025-05-14,Smartwatch,Wearables,East,173.57,1,173.57,61.83,111.74
ORD10983,2025-05-14,Mechanical Keyboard,Accessories,North,72.8,3,218.4,87.8,130.6
ORD10122,2025-05-15,Smartwatch,Wearables,East,123.49,2,246.98,104.11,142.87
ORD10185,2025-05-15,27-inch Monitor,Displays,North,285.59,2,571.18,155.01,416.17
ORD11744,2025-05-15,Webcam HD,Peripherals,West,58.26,2,116.52,43.68,72.84
ORD10511,2025-05-15,27-inch Monitor,Displays,West,152.44,3,457.32,158.06,299.26
ORD11434,2025-05-16,Wireless Mouse,Accessories,North,22.66,3,67.98,29.58,38.4
ORD11340,2025-05-16,27-inch Monitor,Displays,East,238.32,1,238.32,73.8,164.52
ORD11357,2025-05-16,Laptop Stand,Accessories,Central,18.52,1,18.52,8.11,10.41
ORD12819,2025-05-16,Mechanical Keyboard,Accessories,South,76.86,3,230.58,101.69,128.89
ORD11203,2025-05-16,Mechanical Keyboard,Accessories,North,48.78,4,195.12,85.26,109.86
ORD10889,2025-05-17,External SSD 1TB,Storage,North,120.74,1,120.74,29.15,91.59
ORD10096,2025-05-17,Laptop Stand,Accessories,West,32.46,1,32.46,13.29,19.17
ORD11077,2025-05-17,27-inch Monitor,Displays,West,188.18,1,188.18,54.43,133.75
ORD12338,2025-05-17,Laptop Stand,Accessories,Central,25.3,2,50.6,23.95,26.65
ORD10108,2025-05-17,Webcam HD,Peripherals,South,27.33,1,27.33,10.19,17.14
ORD12031,2025-05-17,Smartwatch,Wearables,South,143.21,2,286.42,142.57,143.85
ORD10782,2025-05-17,Laptop Stand,Accessories,West,19.89,1,19.89,7.57,12.32
ORD12214,2025-05-17,External SSD 1TB,Storage,West,87.4,1,87.4,22.5,64.9
ORD11725,2025-05-18,Webcam HD,Peripherals,Central,49.15,1,49.15,17.77,31.38
ORD12228,2025-05-18,Laptop Stand,Accessories,South,19.45,2,38.9,16.93,21.97
ORD10580,2025-05-18,Laptop Stand,Accessories,North,24.45,1,24.45,9.25,15.2
ORD11468,2025-05-18,External SSD 1TB,Storage,South,85.11,5,425.55,82.68,342.87
ORD10030,2025-05-18,Noise Cancelling Headphones,Audio,South,136.43,2,272.86,86.19,186.67
ORD11955,2025-05-19,Gaming Chair,Furniture,North,271.11,1,271.11,56.3,214.81
ORD10915,2025-05-20,External SSD 1TB,Storage,North,91.15,3,273.45,87.51,185.94
ORD10328,2025-05-21,Laptop Stand,Accessories,Central,18.71,4,74.84,31.9,42.94
ORD11561,2025-05-21,Smartwatch,Wearables,South,119.21,4,476.84,197.11,279.73
ORD12934,2025-05-21,External SSD 1TB,Storage,Central,107.7,5,538.5,139.95,398.55
ORD10496,2025-05-21,Laptop Stand,Accessories,West,18.77,2,37.54,15.42,22.12
ORD10902,2025-05-22,External SSD 1TB,Storage,Central,85.64,1,85.64,21.83,63.81
ORD11479,2025-05-23,Wireless Mouse,Accessories,Central,20.6,1,20.6,8.37,12.23
ORD12643,2025-05-23,USB-C Hub,Accessories,West,23.97,1,23.97,9.13,14.84
ORD12481,2025-05-23,Noise Cancelling Headphones,Audio,East,129.67,4,518.68,188.73,329.95
ORD12118,2025-05-24,Webcam HD,Peripherals,North,27.1,3,81.3,30.18,51.12
ORD12609,2025-05-24,Wireless Mouse,Accessories,Central,20.7,4,82.8,35.52,47.28
ORD11190,2025-05-24,Wireless Mouse,Accessories,Central,21.31,3,63.93,29.19,34.74
ORD10517,2025-05-25,Smartwatch,Wearables,North,88.38,4,353.52,147.71,205.81
ORD12244,2025-05-25,Laptop Stand,Accessories,North,30.69,1,30.69,13.86,16.83
ORD10934,2025-05-25,Webcam HD,Peripherals,North,29.25,5,146.25,51.47,94.78
ORD10556,2025-05-25,Laptop Stand,Accessories,Central,22.19,4,88.76,37.8,50.96
ORD10076,2025-05-25,27-inch Monitor,Displays,South,159.58,8,1276.64,405.46,871.18
ORD11573,2025-05-25,Webcam HD,Peripherals,East,41.38,1,41.38,14.33,27.05
ORD10198,2025-05-26,Webcam HD,Peripherals,South,45.92,4,183.68,65.75,117.93
ORD11375,2025-05-26,Standing Desk,Furniture,West,203.91,3,611.73,146.55,465.18
ORD12606,2025-05-26,Laptop Stand,Accessories,South,24.6,1,24.6,10.82,13.78
ORD11586,2025-05-26,Bluetooth Speaker,Audio,South,32.78,3,98.34,39.82,58.52
ORD11827,2025-05-27,Webcam HD,Peripherals,North,36.58,1,36.58,14.24,22.34
ORD10777,2025-05-27,USB-C Hub,Accessories,East,28.87,1,28.87,12.6,16.27
ORD10899,2025-05-27,USB-C Hub,Accessories,Central,41.81,1,41.81,17.04,24.77
ORD12712,2025-05-27,Smartwatch,Wearables,East,151.91,1,151.91,79.63,72.28
ORD12332,2025-05-27,Webcam HD,Peripherals,North,47.98,2,95.96,33.57,62.39
ORD12923,2025-05-28,Smartwatch,Wearables,South,130.29,1,130.29,60.22,70.07
ORD10565,2025-05-28,Bluetooth Speaker,Audio,North,31.62,2,63.24,22.67,40.57
ORD10861,2025-05-28,Mechanical Keyboard,Accessories,South,79.03,3,237.09,84.27,152.82
ORD11826,2025-05-29,Webcam HD,Peripherals,North,55.17,1,55.17,18.07,37.1
ORD12476,2025-05-29,Laptop Stand,Accessories,North,34.95,2,69.9,29.56,40.34
ORD10586,2025-05-29,Smartwatch,Wearables,North,102.94,2,205.88,96.13,109.75
ORD12391,2025-05-29,Webcam HD,Peripherals,East,56.16,4,224.64,79.04,145.6
ORD10197,2025-05-30,Bluetooth Speaker,Audio,North,68.39,3,205.17,83.07,122.1
ORD12068,2025-05-30,Laptop Stand,Accessories,North,29.1,1,29.1,13.12,15.98
ORD10813,2025-05-30,External SSD 1TB,Storage,West,95.1,1,95.1,26.69,68.41
ORD11779,2025-05-30,Webcam HD,Peripherals,South,53.63,3,160.89,56.51,104.38
ORD12838,2025-05-30,Bluetooth Speaker,Audio,West,48.16,4,192.64,73.9,118.74
ORD10639,2025-05-30,Bluetooth Speaker,Audio,East,40.44,1,40.44,15.15,25.29
ORD12311,2025-05-30,Bluetooth Speaker,Audio,East,68.43,5,342.15,121.44,220.71
ORD10750,2025-05-30,USB-C Hub,Accessories,North,37.69,3,113.07,52.46,60.61
ORD11972,2025-05-31,External SSD 1TB,Storage,East,84.14,5,420.7,89.99,330.71
ORD11135,2025-05-31,Bluetooth Speaker,Audio,Central,74.74,1,74.74,28.33,46.41
ORD10493,2025-06-01,Laptop Stand,Accessories,East,27.21,1,27.21,11.65,15.56
ORD11912,2025-06-01,Bluetooth Speaker,Audio,South,77.77,4,311.08,98.62,212.46
ORD10662,2025-06-01,Bluetooth Speaker,Audio,North,45.77,1,45.77,18.47,27.3
ORD12875,2025-06-01,Mechanical Keyboard,Accessories,West,49.05,2,98.1,40.29,57.81
ORD10418,2025-06-01,Laptop Stand,Accessories,West,21.56,1,21.56,9.23,12.33
ORD11832,2025-06-01,Wireless Mouse,Accessories,West,24.25,1,24.25,9.97,14.28
ORD10828,2025-06-02,Mechanical Keyboard,Accessories,North,53.0,4,212.0,79.54,132.46
ORD10407,2025-06-02,Laptop Stand,Accessories,South,24.32,1,24.32,10.39,13.93
ORD11687,2025-06-02,Bluetooth Speaker,Audio,West,43.12,2,86.24,33.15,53.09
ORD12220,2025-06-02,Laptop Stand,Accessories,South,29.93,3,89.79,40.51,49.28
ORD12693,2025-06-03,Laptop Stand,Accessories,Central,25.53,1,25.53,11.12,14.41
ORD11692,2025-06-03,Webcam HD,Peripherals,Central,41.27,5,206.35,62.06,144.29
ORD11475,2025-06-03,Wireless Mouse,Accessories,East,19.32,2,38.64,17.55,21.09
ORD12047,2025-06-03,Bluetooth Speaker,Audio,East,79.89,4,319.56,129.47,190.09
ORD11522,2025-06-03,Wireless Mouse,Accessories,West,21.91,3,65.73,29.2,36.53
ORD10985,2025-06-03,Webcam HD,Peripherals,East,55.86,2,111.72,40.87,70.85
ORD11818,2025-06-03,Laptop Stand,Accessories,South,18.23,1,18.23,7.29,10.94
ORD11330,2025-06-04,Laptop Stand,Accessories,South,18.88,3,56.64,24.77,31.87
ORD12048,2025-06-04,Gaming Chair,Furniture,East,197.09,1,197.09,41.46,155.63
ORD11548,2025-06-05,27-inch Monitor,Displays,Central,296.55,2,593.1,218.1,375.0
ORD10787,2025-06-05,Bluetooth Speaker,Audio,North,79.19,1,79.19,29.63,49.56
ORD10613,2025-06-05,Wireless Mouse,Accessories,East,18.88,1,18.88,7.33,11.55
ORD11105,2025-06-06,Laptop Stand,Accessories,West,25.2,1,25.2,10.36,14.84
ORD12474,2025-06-06,External SSD 1TB,Storage,West,107.65,1,107.65,31.7,75.95
ORD10316,2025-06-07,Bluetooth Speaker,Audio,West,45.98,2,91.96,33.49,58.47
ORD11304,2025-06-07,Webcam HD,Peripherals,North,48.3,2,96.6,26.85,69.75
ORD10181,2025-06-07,Webcam HD,Peripherals,North,41.5,1,41.5,16.41,25.09
ORD11848,2025-06-07,USB-C Hub,Accessories,East,36.4,2,72.8,31.39,41.41
ORD10888,2025-06-07,Wireless Mouse,Accessories,West,19.96,2,39.92,16.22,23.7
ORD11312,2025-06-07,Webcam HD,Peripherals,North,49.67,1,49.67,18.51,31.16
ORD11338,2025-06-08,27-inch Monitor,Displays,East,248.08,2,496.16,125.83,370.33
ORD12193,2025-06-08,External SSD 1TB,Storage,South,102.78,1,102.78,22.21,80.57
ORD11764,2025-06-08,Webcam HD,Peripherals,East,50.02,5,250.1,95.01,155.09
ORD10245,2025-06-09,Wireless Mouse,Accessories,South,21.04,1,21.04,8.54,12.5
ORD11454,2025-06-09,Mechanical Keyboard,Accessories,South,65.93,2,131.86,57.65,74.21
ORD11596,2025-06-09,External SSD 1TB,Storage,North,122.71,1,122.71,30.88,91.83
ORD11883,2025-06-09,Bluetooth Speaker,Audio,North,77.4,4,309.6,125.79,183.81
ORD11837,2025-06-09,Bluetooth Speaker,Audio,Central,60.07,2,120.14,46.2,73.94
ORD11383,2025-06-09,Laptop Stand,Accessories,West,18.72,2,37.44,13.47,23.97
ORD12897,2025-06-10,Mechanical Keyboard,Accessories,North,52.93,2,105.86,46.76,59.1
ORD11211,2025-06-11,Bluetooth Speaker,Audio,South,30.9,2,61.8,22.68,39.12
ORD11315,2025-06-11,Wireless Mouse,Accessories,North,17.11,2,34.22,15.32,18.9
ORD11124,2025-06-11,Smartwatch,Wearables,East,82.71,1,82.71,37.61,45.1
ORD12988,2025-06-11,Bluetooth Speaker,Audio,East,68.65,2,137.3,58.22,79.08
ORD10121,2025-06-12,Webcam HD,Peripherals,North,26.15,2,52.3,17.88,34.42
ORD10748,2025-06-12,Webcam HD,Peripherals,North,51.18,4,204.72,59.28,145.44
ORD10570,2025-06-12,Webcam HD,Peripherals,North,30.46,4,121.84,41.63,80.21
ORD12812,2025-06-12,USB-C Hub,Accessories,West,33.79,1,33.79,14.76,19.03
ORD12292,2025-06-13,Smartwatch,Wearables,South,82.4,2,164.8,72.68,92.12
ORD10707,2025-06-13,Bluetooth Speaker,Audio,North,41.59,2,83.18,30.55,52.63
ORD11616,2025-06-13,Laptop Stand,Accessories,North,19.81,3,59.43,27.66,31.77
ORD10562,2025-06-13,Wireless Mouse,Accessories,Central,28.1,3,84.3,35.13,49.17
ORD10199,2025-06-13,Webcam HD,Peripherals,West,50.66,1,50.66,19.4,31.26
ORD11560,2025-06-14,Webcam HD,Peripherals,West,45.02,2,90.04,32.03,58.01
ORD11026,2025-06-14,External SSD 1TB,Storage,South,84.04,2,168.08,34.94,133.14
ORD11606,2025-06-14,Laptop Stand,Accessories,South,30.07,1,30.07,11.82,18.25
ORD11186,2025-06-14,Webcam HD,Peripherals,East,45.48,2,90.96,31.09,59.87
ORD10573,2025-06-15,27-inch Monitor,Displays,North,261.21,4,1044.84,303.48,741.36
ORD10713,2025-06-15,External SSD 1TB,Storage,North,70.04,1,70.04,15.89,54.15
ORD12894,2025-06-15,Smartwatch,Wearables,North,139.02,1,139.02,56.83,82.19
ORD12782,2025-06-16,Webcam HD,Peripherals,Central,54.37,3,163.11,52.32,110.79
ORD12450,2025-06-16,Mechanical Keyboard,Accessories,South,88.28,2,176.56,71.6,104.96
ORD11310,2025-06-16,External SSD 1TB,Storage,North,85.19,2,170.38,38.28,132.1
ORD12403,2025-06-16,Wireless Mouse,Accessories,Central,23.35,1,23.35,9.43,13.92
ORD10367,2025-06-16,Smartwatch,Wearables,South,146.93,2,293.86,149.01,144.85
ORD11721,2025-06-16,Laptop Stand,Accessories,West,33.04,2,66.08,28.39,37.69
ORD12804,2025-06-16,Webcam HD,Peripherals,North,56.4,3,169.2,55.27,113.93
ORD10337,2025-06-16,Webcam HD,Peripherals,North,45.71,2,91.42,32.08,59.34
ORD12223,2025-06-17,Laptop Stand,Accessories,West,28.98,1,28.98,13.58,15.4
ORD11003,2025-06-17,Laptop Stand,Accessories,North,31.91,4,127.64,56.24,71.4
ORD11939,2025-06-17,External SSD 1TB,Storage,East,77.75,2,155.5,38.58,116.92
ORD12870,2025-06-18,Webcam HD,Peripherals,West,50.16,1,50.16,15.57,34.59
ORD11843,2025-06-18,USB-C Hub,Accessories,East,20.21,3,60.63,22.44,38.19
ORD12380,2025-06-18,Webcam HD,Peripherals,North,53.78,4,215.12,73.33,141.79
ORD10434,2025-06-19,Laptop Stand,Accessories,South,32.02,2,64.04,26.76,37.28
ORD11053,2025-06-20,Bluetooth Speaker,Audio,Central,49.74,1,49.74,16.53,33.21
ORD12293,2025-06-20,Smartwatch,Wearables,North,150.35,3,451.05,185.36,265.69
ORD11557,2025-06-20,Wireless Mouse,Accessories,South,24.0,2,48.0,20.15,27.85
ORD10318,2025-06-20,Wireless Mouse,Accessories,Central,15.44,2,30.88,10.95,19.93
ORD11072,2025-06-21,External SSD 1TB,Storage,West,99.97,3,299.91,59.78,240.13
ORD12916,2025-06-21,External SSD 1TB,Storage,South,98.77,1,98.77,24.64,74.13
ORD11804,2025-06-21,USB-C Hub,Accessories,North,25.21,1,25.21,11.04,14.17
ORD10719,2025-06-21,Webcam HD,Peripherals,South,51.93,4,207.72,74.91,132.81
ORD10037,2025-06-21,External SSD 1TB,Storage,West,122.02,4,488.08,137.15,350.93
ORD11455,2025-06-21,USB-C Hub,Accessories,South,23.14,1,23.14,10.84,12.3
ORD10692,2025-06-21,27-inch Monitor,Displays,North,202.03,1,202.03,62.22,139.81
ORD11567,2025-06-21,Mechanical Keyboard,Accessories,East,74.92,2,149.84,61.9,87.94
ORD10781,2025-06-22,Laptop Stand,Accessories,West,26.08,3,78.24,37.95,40.29
ORD12543,2025-06-22,Mechanical Keyboard,Accessories,West,88.87,3,266.61,125.75,140.86
ORD10897,2025-06-22,Smartwatch,Wearables,East,159.91,1,159.91,76.65,83.26
ORD11392,2025-06-22,27-inch Monitor,Displays,Central,254.76,3,764.28,196.28,568.0
ORD12937,2025-06-23,Mechanical Keyboard,Accessories,South,63.31,1,63.31,27.43,35.88
ORD10528,2025-06-23,Laptop Stand,Accessories,North,29.46,1,29.46,10.56,18.9
ORD12323,2025-06-23,Noise Cancelling Headphones,Audio,North,93.42,3,280.26,104.05,176.21
ORD10634,2025-06-23,Webcam HD,Peripherals,North,37.1,2,74.2,20.52,53.68
ORD11546,2025-06-23,Laptop Stand,Accessories,South,28.23,3,84.69,34.61,50.08
ORD10513,2025-06-24,Bluetooth Speaker,Audio,East,52.11,2,104.22,42.95,61.27
ORD11139,2025-06-24,Laptop Stand,Accessories,West,30.66,4,122.64,51.74,70.9
ORD12733,2025-06-24,27-inch Monitor,Displays,South,267.72,2,535.44,176.61,358.83
ORD10276,2025-06-24,Bluetooth Speaker,Audio,South,34.59,2,69.18,26.38,42.8
ORD11000,2025-06-24,Bluetooth Speaker,Audio,East,30.81,1,30.81,11.84,18.97
ORD11019,2025-06-25,Wireless Mouse,Accessories,East,25.0,2,50.0,20.62,29.38
ORD10492,2025-06-25,Noise Cancelling Headphones,Audio,North,61.4,1,61.4,24.4,37.0
ORD12486,2025-06-25,Laptop Stand,Accessories,South,19.63,3,58.89,24.76,34.13
ORD12085,2025-06-26,Wireless Mouse,Accessories,Central,27.47,3,82.41,37.71,44.7
ORD10891,2025-06-26,External SSD 1TB,Storage,East,78.8,1,78.8,23.63,55.17
ORD12093,2025-06-26,Smartwatch,Wearables,South,125.49,1,125.49,58.07,67.42
ORD11198,2025-06-26,27-inch Monitor,Displays,South,272.9,1,272.9,67.63,205.27
ORD10388,2025-06-27,Laptop Stand,Accessories,West,27.96,1,27.96,12.26,15.7
ORD11576,2025-06-27,Webcam HD,Peripherals,Central,54.59,1,54.59,21.42,33.17
ORD12951,2025-06-28,Laptop Stand,Accessories,North,28.15,2,56.3,24.84,31.46
ORD10154,2025-06-29,Wireless Mouse,Accessories,South,28.12,5,140.6,60.52,80.08
ORD10763,2025-06-29,Wireless Mouse,Accessories,South,22.28,3,66.84,30.07,36.77
ORD10786,2025-06-29,External SSD 1TB,Storage,South,70.43,2,140.86,41.03,99.83
ORD10635,2025-06-30,Noise Cancelling Headphones,Audio,North,149.8,2,299.6,90.88,208.72
ORD12801,2025-06-30,Mechanical Keyboard,Accessories,East,59.46,1,59.46,27.79,31.67
ORD11224,2025-06-30,Smartwatch,Wearables,South,93.31,3,279.93,132.96,146.97
ORD10804,2025-06-30,Webcam HD,Peripherals,North,42.99,4,171.96,62.97,108.99
ORD11494,2025-07-01,USB-C Hub,Accessories,North,42.86,4,171.44,69.44,102.0
ORD12274,2025-07-01,Webcam HD,Peripherals,North,28.12,1,28.12,10.08,18.04
ORD11838,2025-07-01,Noise Cancelling Headphones,Audio,West,148.72,1,148.72,59.49,89.23
ORD10237,2025-07-01,Smartwatch,Wearables,South,156.2,1,156.2,63.6,92.6
ORD11857,2025-07-01,Laptop Stand,Accessories,West,24.81,1,24.81,11.02,13.79
ORD10143,2025-07-01,Webcam HD,Peripherals,East,30.67,3,92.01,32.56,59.45
ORD12771,2025-07-01,Bluetooth Speaker,Audio,North,39.32,3,117.96,50.23,67.73
ORD10691,2025-07-01,Mechanical Keyboard,Accessories,East,74.52,3,223.56,98.84,124.72
ORD10195,2025-07-02,Smartwatch,Wearables,West,196.98,1,196.98,87.95,109.03
ORD11800,2025-07-02,External SSD 1TB,Storage,North,102.61,2,205.22,52.01,153.21
ORD12975,2025-07-02,Mechanical Keyboard,Accessories,West,86.01,1,86.01,37.94,48.07
ORD12103,2025-07-03,USB-C Hub,Accessories,East,42.78,1,42.78,18.23,24.55
ORD11879,2025-07-03,27-inch Monitor,Displays,East,265.29,4,1061.16,316.48,744.68
ORD10241,2025-07-03,Mechanical Keyboard,Accessories,North,43.16,1,43.16,17.28,25.88
ORD10114,2025-07-03,27-inch Monitor,Displays,North,222.01,3,666.03,162.72,503.31
ORD11617,2025-07-03,Webcam HD,Peripherals,South,33.01,1,33.01,11.05,21.96
ORD10509,2025-07-03,Wireless Mouse,Accessories,North,29.98,5,149.9,56.8,93.1
ORD10601,2025-07-03,27-inch Monitor,Displays,West,264.31,4,1057.24,273.28,783.96
ORD10103,2025-07-03,Laptop Stand,Accessories,West,23.93,3,71.79,31.05,40.74
ORD10327,2025-07-03,27-inch Monitor,Displays,South,214.87,1,214.87,50.03,164.84
ORD12713,2025-07-04,Mechanical Keyboard,Accessories,Central,63.22,1,63.22,24.33,38.89
ORD10047,2025-07-04,Laptop Stand,Accessories,Central,25.9,1,25.9,11.5,14.4
ORD10992,2025-07-04,Laptop Stand,Accessories,South,31.9,3,95.7,38.84,56.86
ORD10831,2025-07-04,Smartwatch,Wearables,West,197.07,1,197.07,88.98,108.09
ORD11450,2025-07-05,Webcam HD,Peripherals,North,29.01,1,29.01,9.13,19.88
ORD10877,2025-07-05,Webcam HD,Peripherals,West,40.24,1,40.24,12.9,27.34
ORD12429,2025-07-05,Laptop Stand,Accessories,East,30.73,3,92.19,38.05,54.14
ORD10136,2025-07-05,Bluetooth Speaker,Audio,North,50.13,2,100.26,43.19,57.07
ORD11829,2025-07-06,Webcam HD,Peripherals,North,59.2,1,59.2,21.62,37.58
ORD12770,2025-07-06,Webcam HD,Peripherals,East,47.07,3,141.21,42.58,98.63
ORD12436,2025-07-06,Webcam HD,Peripherals,South,45.69,1,45.69,16.69,29.0
ORD12552,2025-07-07,Webcam HD,Peripherals,North,29.83,1,29.83,11.32,18.51
ORD11563,2025-07-07,Webcam HD,Peripherals,West,29.94,1,29.94,11.15,18.79
ORD12725,2025-07-07,Noise Cancelling Headphones,Audio,North,73.98,4,295.92,102.11,193.81
ORD10366,2025-07-07,External SSD 1TB,Storage,East,112.54,1,112.54,28.11,84.43
ORD12325,2025-07-08,Smartwatch,Wearables,West,187.61,3,562.83,290.15,272.68
ORD11802,2025-07-08,Laptop Stand,Accessories,North,34.72,1,34.72,13.67,21.05
ORD10595,2025-07-08,External SSD 1TB,Storage,South,83.46,3,250.38,65.55,184.83
ORD12574,2025-07-08,USB-C Hub,Accessories,West,25.45,2,50.9,20.32,30.58
ORD11577,2025-07-08,Smartwatch,Wearables,West,188.22,1,188.22,77.86,110.36
ORD12435,2025-07-08,Noise Cancelling Headphones,Audio,North,120.63,2,241.26,88.99,152.27
ORD11423,2025-07-09,Wireless Mouse,Accessories,Central,29.83,1,29.83,13.5,16.33
ORD11459,2025-07-09,Webcam HD,Peripherals,North,59.48,1,59.48,22.99,36.49
ORD12832,2025-07-09,Noise Cancelling Headphones,Audio,West,136.26,3,408.78,145.27,263.51
ORD10620,2025-07-09,Smartwatch,Wearables,South,135.28,3,405.84,177.6,228.24
ORD10930,2025-07-09,Wireless Mouse,Accessories,Central,29.33,1,29.33,11.59,17.74
ORD10986,2025-07-11,Laptop Stand,Accessories,South,30.22,1,30.22,10.86,19.36
ORD10875,2025-07-11,Noise Cancelling Headphones,Audio,East,84.94,2,169.88,67.95,101.93
ORD11583,2025-07-12,Laptop Stand,Accessories,West,29.33,3,87.99,41.23,46.76
ORD11492,2025-07-12,Wireless Mouse,Accessories,West,27.24,2,54.48,25.43,29.05
ORD10359,2025-07-12,Mechanical Keyboard,Accessories,South,41.27,3,123.81,50.5,73.31
ORD11547,2025-07-12,Webcam HD,Peripherals,West,26.86,2,53.72,21.04,32.68
ORD10642,2025-07-12,External SSD 1TB,Storage,South,92.29,2,184.58,52.54,132.04
ORD11484,2025-07-13,Standing Desk,Furniture,North,405.81,1,405.81,85.95,319.86
ORD12577,2025-07-13,Webcam HD,Peripherals,North,51.11,1,51.11,17.98,33.13
ORD10441,2025-07-13,Laptop Stand,Accessories,East,30.15,1,30.15,12.39,17.76
ORD10488,2025-07-13,Webcam HD,Peripherals,West,29.1,1,29.1,10.45,18.65
ORD11035,2025-07-13,Wireless Mouse,Accessories,South,18.15,2,36.3,17.29,19.01
ORD10420,2025-07-13,Laptop Stand,Accessories,South,34.2,1,34.2,13.48,20.72
ORD11524,2025-07-14,Laptop Stand,Accessories,East,20.02,4,80.08,30.93,49.15
ORD10268,2025-07-14,27-inch Monitor,Displays,Central,194.32,1,194.32,59.9,134.42
ORD10445,2025-07-14,Bluetooth Speaker,Audio,West,58.1,3,174.3,66.9,107.4
ORD10234,2025-07-14,External SSD 1TB,Storage,East,110.18,1,110.18,21.52,88.66
ORD12721,2025-07-15,Noise Cancelling Headphones,Audio,North,68.87,1,68.87,24.22,44.65
ORD11332,2025-07-15,Bluetooth Speaker,Audio,South,68.85,2,137.7,49.2,88.5
ORD10515,2025-07-15,Noise Cancelling Headphones,Audio,South,132.4,2,264.8,96.35,168.45
ORD12064,2025-07-15,Bluetooth Speaker,Audio,West,51.38,4,205.52,80.53,124.99
ORD10699,2025-07-15,Webcam HD,Peripherals,West,34.47,2,68.94,26.34,42.6
ORD12088,2025-07-15,Webcam HD,Peripherals,South,56.45,6,338.7,117.65,221.05
ORD12537,2025-07-15,Webcam HD,Peripherals,North,37.16,1,37.16,13.25,23.91
ORD12967,2025-07-16,Wireless Mouse,Accessories,West,27.64,1,27.64,11.05,16.59
ORD10526,2025-07-17,Laptop Stand,Accessories,North,27.01,2,54.02,24.46,29.56
ORD11651,2025-07-17,27-inch Monitor,Displays,South,170.8,2,341.6,110.19,231.41
ORD11788,2025-07-18,External SSD 1TB,Storage,North,120.78,6,724.68,177.08,547.6
ORD11142,2025-07-19,Standing Desk,Furniture,South,443.59,1,443.59,88.74,354.85
ORD12384,2025-07-19,27-inch Monitor,Displays,West,242.86,2,485.72,167.31,318.41
ORD10624,2025-07-19,Laptop Stand,Accessories,South,27.04,4,108.16,48.69,59.47
ORD11949,2025-07-20,Laptop Stand,Accessories,North,24.12,1,24.12,9.54,14.58
ORD11754,2025-07-20,Mechanical Keyboard,Accessories,West,65.93,1,65.93,24.5,41.43
ORD11822,2025-07-20,External SSD 1TB,Storage,West,103.22,3,309.66,75.41,234.25
ORD11263,2025-07-20,Smartwatch,Wearables,North,189.42,2,378.84,184.99,193.85
ORD10386,2025-07-20,Standing Desk,Furniture,East,280.37,1,280.37,57.76,222.61
ORD12950,2025-07-20,External SSD 1TB,Storage,Central,114.94,2,229.88,56.32,173.56
ORD12490,2025-07-21,27-inch Monitor,Displays,South,176.81,4,707.24,189.27,517.97
ORD11869,2025-07-21,Wireless Mouse,Accessories,North,29.88,5,149.4,66.03,83.37
ORD10773,2025-07-21,Webcam HD,Peripherals,North,57.33,1,57.33,22.6,34.73
ORD11495,2025-07-22,Standing Desk,Furniture,North,382.26,3,1146.78,211.75,935.03
ORD12750,2025-07-22,Webcam HD,Peripherals,Central,40.85,2,81.7,28.09,53.61
ORD10717,2025-07-22,Wireless Mouse,Accessories,North,28.64,2,57.28,23.85,33.43
ORD11480,2025-07-22,Wireless Mouse,Accessories,South,17.53,1,17.53,7.08,10.45
ORD11047,2025-07-22,USB-C Hub,Accessories,East,40.78,2,81.56,31.53,50.03
ORD10456,2025-07-22,Wireless Mouse,Accessories,East,21.75,1,21.75,9.72,12.03
ORD12690,2025-07-23,Laptop Stand,Accessories,South,34.26,2,68.52,29.27,39.25
ORD10572,2025-07-23,Bluetooth Speaker,Audio,South,56.58,1,56.58,22.86,33.72
ORD10306,2025-07-24,Laptop Stand,Accessories,North,18.88,2,37.76,17.67,20.09
ORD11847,2025-07-24,Wireless Mouse,Accessories,North,24.75,1,24.75,10.19,14.56
ORD10422,2025-07-24,Laptop Stand,Accessories,West,29.87,4,119.48,52.43,67.05
ORD12657,2025-07-25,Noise Cancelling Headphones,Audio,East,133.39,2,266.78,98.83,167.95
ORD11293,2025-07-25,Laptop Stand,Accessories,South,29.07,3,87.21,36.62,50.59
ORD12262,2025-07-25,Laptop Stand,Accessories,South,32.69,1,32.69,14.14,18.55
ORD11920,2025-07-25,Webcam HD,Peripherals,South,33.39,5,166.95,58.05,108.9
ORD12647,2025-07-25,External SSD 1TB,Storage,South,88.26,2,176.52,36.58,139.94
ORD12623,2025-07-26,Laptop Stand,Accessories,South,18.32,1,18.32,8.57,9.75
ORD12394,2025-07-26,External SSD 1TB,Storage,West,107.33,1,107.33,27.6,79.73
ORD11075,2025-07-26,Laptop Stand,Accessories,North,26.25,2,52.5,20.38,32.12
ORD11952,2025-07-26,Laptop Stand,Accessories,East,34.98,1,34.98,12.46,22.52
ORD10340,2025-07-26,Laptop Stand,Accessories,Central,18.78,1,18.78,7.92,10.86
ORD12056,2025-07-26,Webcam HD,Peripherals,South,33.76,1,33.76,12.57,21.19
ORD12222,2025-07-26,Laptop Stand,Accessories,North,34.81,4,139.24,63.07,76.17
ORD10796,2025-07-27,Bluetooth Speaker,Audio,South,66.66,3,199.98,83.23,116.75
ORD10715,2025-07-27,Laptop Stand,Accessories,Central,32.89,3,98.67,40.57,58.1
ORD10009,2025-07-27,Laptop Stand,Accessories,West,30.4,3,91.2,40.31,50.89
ORD12213,2025-07-27,Webcam HD,Peripherals,North,35.81,2,71.62,21.94,49.68
ORD12203,2025-07-27,Webcam HD,Peripherals,Central,52.37,4,209.48,74.82,134.66
ORD12316,2025-07-27,Laptop Stand,Accessories,North,31.77,1,31.77,14.3,17.47
ORD12840,2025-07-28,27-inch Monitor,Displays,East,269.85,1,269.85,71.33,198.52
ORD10160,2025-07-28,27-inch Monitor,Displays,North,291.21,1,291.21,80.91,210.3
ORD11243,2025-07-28,Laptop Stand,Accessories,North,20.23,2,40.46,17.23,23.23
ORD10829,2025-07-29,27-inch Monitor,Displays,North,258.65,2,517.3,148.37,368.93
ORD10334,2025-07-29,Bluetooth Speaker,Audio,South,58.67,2,117.34,50.15,67.19
ORD10360,2025-07-29,Webcam HD,Peripherals,West,37.76,2,75.52,24.18,51.34
ORD10304,2025-07-30,Laptop Stand,Accessories,West,20.4,2,40.8,18.89,21.91
ORD11363,2025-07-30,Laptop Stand,Accessories,North,26.38,3,79.14,30.48,48.66
ORD12383,2025-07-30,Smartwatch,Wearables,North,125.61,4,502.44,217.37,285.07
ORD11420,2025-07-30,Laptop Stand,Accessories,West,20.73,2,41.46,16.56,24.9
ORD12442,2025-07-30,Wireless Mouse,Accessories,Central,26.33,1,26.33,11.06,15.27
ORD12395,2025-07-31,Bluetooth Speaker,Audio,West,35.52,3,106.56,39.19,67.37
ORD10242,2025-07-31,Laptop Stand,Accessories,West,23.89,1,23.89,10.44,13.45
ORD11007,2025-07-31,External SSD 1TB,Storage,North,97.58,2,195.16,49.38,145.78
ORD11206,2025-07-31,Bluetooth Speaker,Audio,South,71.66,2,143.32,64.32,79.0
ORD11309,2025-08-01,27-inch Monitor,Displays,North,205.69,1,205.69,60.53,145.16
ORD10109,2025-08-01,Webcam HD,Peripherals,East,36.72,1,36.72,12.67,24.05
ORD12156,2025-08-02,Noise Cancelling Headphones,Audio,North,87.33,2,174.66,68.8,105.86
ORD11058,2025-08-02,Smartwatch,Wearables,Central,106.57,1,106.57,50.16,56.41
ORD11133,2025-08-02,Webcam HD,Peripherals,North,50.0,4,200.0,69.39,130.61
ORD10649,2025-08-02,USB-C Hub,Accessories,North,26.61,1,26.61,10.36,16.25
ORD11342,2025-08-02,Webcam HD,Peripherals,South,34.62,1,34.62,11.37,23.25
ORD11897,2025-08-02,External SSD 1TB,Storage,North,107.07,2,214.14,55.25,158.89
ORD12896,2025-08-02,Noise Cancelling Headphones,Audio,South,144.45,1,144.45,58.9,85.55
ORD11814,2025-08-02,Laptop Stand,Accessories,West,21.95,3,65.85,28.79,37.06
ORD11146,2025-08-03,Laptop Stand,Accessories,West,23.38,1,23.38,9.82,13.56
ORD11245,2025-08-03,External SSD 1TB,Storage,West,95.91,4,383.64,103.44,280.2
ORD10435,2025-08-03,Laptop Stand,Accessories,South,27.29,2,54.58,22.26,32.32
ORD12708,2025-08-03,Laptop Stand,Accessories,North,20.83,2,41.66,17.93,23.73
ORD12924,2025-08-04,Laptop Stand,Accessories,North,31.76,1,31.76,14.78,16.98
ORD12179,2025-08-04,USB-C Hub,Accessories,North,34.13,6,204.78,93.42,111.36
ORD10709,2025-08-04,Mechanical Keyboard,Accessories,North,51.63,2,103.26,47.85,55.41
ORD12752,2025-08-04,Webcam HD,Peripherals,West,48.23,1,48.23,16.47,31.76
ORD12139,2025-08-05,Bluetooth Speaker,Audio,North,71.57,1,71.57,27.83,43.74
ORD11717,2025-08-05,Bluetooth Speaker,Audio,South,58.75,1,58.75,20.7,38.05
ORD12671,2025-08-05,Laptop Stand,Accessories,North,22.11,1,22.11,9.95,12.16
ORD11812,2025-08-06,External SSD 1TB,Storage,East,117.34,2,234.68,56.3,178.38
ORD12307,2025-08-06,Wireless Mouse,Accessories,West,26.96,1,26.96,10.33,16.63
ORD11414,2025-08-06,Mechanical Keyboard,Accessories,South,48.44,2,96.88,39.5,57.38
ORD11386,2025-08-06,Webcam HD,Peripherals,South,48.23,2,96.46,34.75,61.71
ORD11288,2025-08-06,Smartwatch,Wearables,West,171.08,2,342.16,132.19,209.97
ORD10158,2025-08-07,Mechanical Keyboard,Accessories,Central,59.58,1,59.58,22.65,36.93
ORD11061,2025-08-07,Smartwatch,Wearables,South,162.71,1,162.71,78.46,84.25
ORD12417,2025-08-07,USB-C Hub,Accessories,West,31.55,1,31.55,13.42,18.13
ORD12255,2025-08-07,Mechanical Keyboard,Accessories,North,87.26,2,174.52,73.51,101.01
ORD11027,2025-08-07,Smartwatch,Wearables,East,140.37,1,140.37,56.75,83.62
ORD11305,2025-08-08,27-inch Monitor,Displays,North,227.21,3,681.63,225.04,456.59
ORD10172,2025-08-08,Laptop Stand,Accessories,West,32.28,1,32.28,14.64,17.64
ORD12599,2025-08-08,Wireless Mouse,Accessories,North,28.07,2,56.14,24.91,31.23
ORD11743,2025-08-08,Laptop Stand,Accessories,North,18.28,3,54.84,21.34,33.5
ORD12877,2025-08-09,External SSD 1TB,Storage,South,85.71,2,171.42,46.27,125.15
ORD11736,2025-08-09,Webcam HD,Peripherals,West,29.58,2,59.16,22.89,36.27
ORD10336,2025-08-10,Laptop Stand,Accessories,North,20.34,1,20.34,8.39,11.95
ORD12276,2025-08-10,Smartwatch,Wearables,East,144.26,1,144.26,64.21,80.05
ORD10664,2025-08-10,Wireless Mouse,Accessories,West,19.21,3,57.63,23.53,34.1
ORD12910,2025-08-11,Laptop Stand,Accessories,South,33.73,2,67.46,29.72,37.74
ORD10816,2025-08-11,Laptop Stand,Accessories,South,23.6,3,70.8,29.41,41.39
ORD12132,2025-08-11,Bluetooth Speaker,Audio,West,51.27,1,51.27,19.12,32.15
ORD12109,2025-08-11,Laptop Stand,Accessories,Central,18.34,3,55.02,20.85,34.17
ORD12565,2025-08-12,Webcam HD,Peripherals,North,28.43,4,113.72,34.41,79.31
ORD12560,2025-08-12,Laptop Stand,Accessories,South,27.33,8,218.64,98.53,120.11
ORD12017,2025-08-12,Webcam HD,Peripherals,North,28.9,1,28.9,11.55,17.35
ORD11345,2025-08-12,External SSD 1TB,Storage,East,111.29,3,333.87,92.96,240.91
ORD12653,2025-08-12,Laptop Stand,Accessories,South,24.67,2,49.34,22.94,26.4
ORD11486,2025-08-12,Smartwatch,Wearables,East,86.47,1,86.47,37.72,48.75
ORD11425,2025-08-12,Bluetooth Speaker,Audio,South,31.69,1,31.69,12.07,19.62
ORD10937,2025-08-12,Wireless Mouse,Accessories,North,21.96,1,21.96,9.52,12.44
ORD11071,2025-08-13,External SSD 1TB,Storage,West,101.1,2,202.2,50.04,152.16
ORD11347,2025-08-13,27-inch Monitor,Displays,North,267.25,3,801.75,266.61,535.14
ORD12502,2025-08-13,Mechanical Keyboard,Accessories,South,52.14,2,104.28,39.9,64.38
ORD10594,2025-08-13,27-inch Monitor,Displays,South,303.72,2,607.44,161.09,446.35
ORD12158,2025-08-14,Wireless Mouse,Accessories,West,23.17,1,23.17,9.54,13.63
ORD12404,2025-08-14,Laptop Stand,Accessories,South,20.44,6,122.64,49.2,73.44
ORD10166,2025-08-15,Wireless Mouse,Accessories,West,28.24,4,112.96,50.57,62.39
ORD11855,2025-08-15,Wireless Mouse,Accessories,East,18.91,3,56.73,20.56,36.17
ORD11018,2025-08-15,Bluetooth Speaker,Audio,West,51.32,1,51.32,21.37,29.95
ORD11531,2025-08-15,Noise Cancelling Headphones,Audio,South,121.21,3,363.63,148.91,214.72
ORD11282,2025-08-16,Bluetooth Speaker,Audio,South,74.25,1,74.25,29.1,45.15
ORD11419,2025-08-16,Smartwatch,Wearables,North,197.65,2,395.3,195.4,199.9
ORD12557,2025-08-18,Webcam HD,Peripherals,East,49.46,6,296.76,125.49,171.27
ORD11275,2025-08-18,Bluetooth Speaker,Audio,West,63.08,1,63.08,24.47,38.61
ORD11331,2025-08-18,Laptop Stand,Accessories,North,27.04,2,54.08,24.03,30.05
ORD12691,2025-08-18,Wireless Mouse,Accessories,West,29.02,1,29.02,12.6,16.42
ORD10910,2025-08-18,Webcam HD,Peripherals,West,59.24,1,59.24,21.81,37.43
ORD10833,2025-08-18,Wireless Mouse,Accessories,South,20.43,3,61.29,24.97,36.32
ORD10760,2025-08-18,Laptop Stand,Accessories,North,27.82,2,55.64,22.31,33.33
ORD12170,2025-08-19,External SSD 1TB,Storage,West,114.78,1,114.78,31.1,83.68
ORD12089,2025-08-19,Laptop Stand,Accessories,North,26.61,4,106.44,43.32,63.12
ORD11311,2025-08-19,Laptop Stand,Accessories,East,20.89,1,20.89,9.41,11.48
ORD11433,2025-08-19,Laptop Stand,Accessories,North,23.73,1,23.73,10.6,13.13
ORD12430,2025-08-20,Laptop Stand,Accessories,West,27.6,1,27.6,11.3,16.3
ORD12478,2025-08-20,External SSD 1TB,Storage,North,70.4,1,70.4,18.57,51.83
ORD10417,2025-08-20,Bluetooth Speaker,Audio,East,57.34,1,57.34,22.09,35.25
ORD10281,2025-08-20,External SSD 1TB,Storage,West,120.4,1,120.4,29.95,90.45
ORD12027,2025-08-21,Smartwatch,Wearables,West,187.99,1,187.99,91.53,96.46
ORD11298,2025-08-21,Wireless Mouse,Accessories,South,27.12,1,27.12,11.5,15.62
ORD12526,2025-08-21,Bluetooth Speaker,Audio,North,66.35,2,132.7,51.74,80.96
ORD11287,2025-08-21,Smartwatch,Wearables,North,199.18,1,199.18,78.64,120.54
ORD11060,2025-08-22,Webcam HD,Peripherals,Central,34.91,1,34.91,12.95,21.96
ORD12769,2025-08-22,Laptop Stand,Accessories,West,20.33,1,20.33,7.72,12.61
ORD12138,2025-08-22,Laptop Stand,Accessories,West,29.72,1,29.72,12.23,17.49
ORD10823,2025-08-23,Laptop Stand,Accessories,West,18.66,2,37.32,17.59,19.73
ORD10623,2025-08-23,Laptop Stand,Accessories,West,26.16,1,26.16,12.47,13.69
ORD11127,2025-08-23,27-inch Monitor,Displays,South,235.03,4,940.12,255.08,685.04
ORD10729,2025-08-23,Bluetooth Speaker,Audio,East,31.27,2,62.54,21.6,40.94
ORD10311,2025-08-23,Laptop Stand,Accessories,North,19.59,1,19.59,8.52,11.07
ORD12009,2025-08-23,Standing Desk,Furniture,South,268.99,1,268.99,56.79,212.2
ORD11096,2025-08-23,Laptop Stand,Accessories,North,21.53,3,64.59,27.98,36.61
ORD12291,2025-08-23,27-inch Monitor,Displays,Central,278.74,3,836.22,202.98,633.24
ORD12680,2025-08-24,Smartwatch,Wearables,North,93.29,1,93.29,45.4,47.89
ORD11678,2025-08-24,Laptop Stand,Accessories,West,29.84,1,29.84,14.01,15.83
ORD12826,2025-08-24,Laptop Stand,Accessories,East,32.47,1,32.47,12.33,20.14
ORD10343,2025-08-24,Laptop Stand,Accessories,North,25.46,1,25.46,10.18,15.28
ORD10347,2025-08-24,Smartwatch,Wearables,East,178.54,1,178.54,77.18,101.36
ORD10214,2025-08-24,Laptop Stand,Accessories,North,20.71,4,82.84,36.87,45.97
ORD10472,2025-08-25,Webcam HD,Peripherals,North,27.4,3,82.2,24.18,58.02
ORD12666,2025-08-25,Webcam HD,Peripherals,South,33.31,1,33.31,11.97,21.34
ORD12487,2025-08-25,Noise Cancelling Headphones,Audio,North,86.1,5,430.5,161.99,268.51
ORD12730,2025-08-25,Webcam HD,Peripherals,North,44.3,3,132.9,43.78,89.12
ORD12762,2025-08-25,Smartwatch,Wearables,East,117.61,2,235.22,111.55,123.67
ORD10405,2025-08-26,Smartwatch,Wearables,West,95.07,1,95.07,37.53,57.54
ORD11182,2025-08-26,Laptop Stand,Accessories,North,32.97,2,65.94,25.2,40.74
ORD10788,2025-08-26,Smartwatch,Wearables,North,156.31,1,156.31,67.17,89.14
ORD11488,2025-08-26,Laptop Stand,Accessories,South,23.41,7,163.87,72.83,91.04
ORD12760,2025-08-27,Noise Cancelling Headphones,Audio,Central,81.35,4,325.4,121.3,204.1
ORD10353,2025-08-27,Wireless Mouse,Accessories,South,23.01,1,23.01,9.17,13.84
ORD10972,2025-08-27,USB-C Hub,Accessories,North,22.0,1,22.0,9.63,12.37
ORD10182,2025-08-27,Bluetooth Speaker,Audio,North,68.55,3,205.65,75.85,129.8
ORD11886,2025-08-28,27-inch Monitor,Displays,North,197.38,2,394.76,104.19,290.57
ORD10502,2025-08-28,External SSD 1TB,Storage,South,113.46,3,340.38,83.12,257.26
ORD12237,2025-08-28,Mechanical Keyboard,Accessories,West,79.2,3,237.6,102.99,134.61
ORD12802,2025-08-28,Mechanical Keyboard,Accessories,South,69.04,6,414.24,208.82,205.42
ORD11325,2025-08-28,Laptop Stand,Accessories,West,31.89,2,63.78,24.92,38.86
ORD11153,2025-08-29,External SSD 1TB,Storage,South,72.01,1,72.01,18.84,53.17
ORD10034,2025-08-29,Smartwatch,Wearables,West,182.36,1,182.36,81.84,100.52
ORD10603,2025-08-29,Smartwatch,Wearables,South,197.27,4,789.08,351.66,437.42
ORD12317,2025-08-29,Smartwatch,Wearables,South,162.61,5,813.05,405.73,407.32
ORD11328,2025-08-29,USB-C Hub,Accessories,North,40.44,5,202.2,90.33,111.87
ORD11863,2025-08-30,Webcam HD,Peripherals,West,37.54,1,37.54,14.03,23.51
ORD11469,2025-08-30,Bluetooth Speaker,Audio,South,73.14,5,365.7,135.32,230.38
ORD11889,2025-08-30,Wireless Mouse,Accessories,West,23.07,2,46.14,18.38,27.76
ORD10507,2025-08-30,27-inch Monitor,Displays,East,244.75,1,244.75,71.59,173.16
ORD10839,2025-08-31,Webcam HD,Peripherals,Central,31.74,1,31.74,10.95,20.79
ORD12453,2025-08-31,Laptop Stand,Accessories,South,29.06,5,145.3,59.07,86.23
ORD11858,2025-08-31,Bluetooth Speaker,Audio,South,48.33,2,96.66,39.04,57.62
ORD12749,2025-09-01,Mechanical Keyboard,Accessories,South,66.98,1,66.98,25.96,41.02
ORD12528,2025-09-01,Laptop Stand,Accessories,East,24.27,1,24.27,9.76,14.51
ORD12116,2025-09-01,Bluetooth Speaker,Audio,West,45.44,1,45.44,18.51,26.93
ORD10876,2025-09-01,Mechanical Keyboard,Accessories,North,87.99,4,351.96,148.32,203.64
ORD12669,2025-09-01,Smartwatch,Wearables,North,127.16,5,635.8,301.29,334.51
ORD11595,2025-09-01,Laptop Stand,Accessories,Central,19.21,3,57.63,22.96,34.67
ORD10667,2025-09-01,Noise Cancelling Headphones,Audio,East,101.37,3,304.11,123.17,180.94
ORD12904,2025-09-02,USB-C Hub,Accessories,East,23.89,1,23.89,9.62,14.27
ORD10799,2025-09-02,Wireless Mouse,Accessories,North,28.44,1,28.44,13.21,15.23
ORD11962,2025-09-02,Smartwatch,Wearables,North,97.62,3,292.86,139.91,152.95
ORD10057,2025-09-03,Wireless Mouse,Accessories,South,28.58,1,28.58,12.52,16.06
ORD10689,2025-09-03,Laptop Stand,Accessories,South,23.77,1,23.77,11.17,12.6
ORD11141,2025-09-03,Wireless Mouse,Accessories,North,22.91,4,91.64,39.83,51.81
ORD10575,2025-09-03,Noise Cancelling Headphones,Audio,South,144.62,1,144.62,52.82,91.8
ORD10146,2025-09-04,Wireless Mouse,Accessories,South,28.76,1,28.76,13.54,15.22
ORD11685,2025-09-04,Smartwatch,Wearables,East,111.74,1,111.74,51.91,59.83
ORD10615,2025-09-04,Webcam HD,Peripherals,North,44.74,1,44.74,17.48,27.26
ORD11772,2025-09-05,Laptop Stand,Accessories,Central,26.95,2,53.9,23.11,30.79
ORD11679,2025-09-05,27-inch Monitor,Displays,East,224.82,2,449.64,143.5,306.14
ORD10656,2025-09-05,External SSD 1TB,Storage,East,124.17,2,248.34,56.72,191.62
ORD12211,2025-09-06,Webcam HD,Peripherals,Central,58.05,5,290.25,91.86,198.39
ORD11813,2025-09-06,Laptop Stand,Accessories,East,33.69,3,101.07,38.64,62.43
ORD10978,2025-09-06,External SSD 1TB,Storage,West,99.98,1,99.98,27.71,72.27
ORD11082,2025-09-06,Wireless Mouse,Accessories,West,23.16,2,46.32,16.93,29.39
ORD10253,2025-09-06,27-inch Monitor,Displays,East,189.55,1,189.55,43.8,145.75
ORD10549,2025-09-06,Mechanical Keyboard,Accessories,Central,78.64,2,157.28,60.08,97.2
ORD11104,2025-09-07,Bluetooth Speaker,Audio,Central,72.07,2,144.14,56.43,87.71
ORD10770,2025-09-07,Webcam HD,Peripherals,South,25.74,1,25.74,9.46,16.28
ORD10960,2025-09-08,Bluetooth Speaker,Audio,North,40.41,1,40.41,14.55,25.86
ORD11011,2025-09-08,USB-C Hub,Accessories,East,42.88,1,42.88,19.22,23.66
ORD10053,2025-09-08,Laptop Stand,Accessories,South,29.78,2,59.56,25.86,33.7
ORD12985,2025-09-08,External SSD 1TB,Storage,North,104.78,2,209.56,60.96,148.6
ORD10705,2025-09-08,Webcam HD,Peripherals,East,41.75,1,41.75,15.99,25.76
ORD12715,2025-09-08,Laptop Stand,Accessories,East,21.3,1,21.3,8.61,12.69
ORD11756,2025-09-09,27-inch Monitor,Displays,West,172.09,3,516.27,150.06,366.21
ORD12505,2025-09-09,Laptop Stand,Accessories,North,34.38,2,68.76,28.86,39.9
ORD12676,2025-09-09,Webcam HD,Peripherals,South,45.14,1,45.14,16.64,28.5
ORD12833,2025-09-09,Laptop Stand,Accessories,North,30.35,1,30.35,13.08,17.27
ORD11436,2025-09-10,Laptop Stand,Accessories,North,18.33,1,18.33,7.8,10.53
ORD11107,2025-09-10,27-inch Monitor,Displays,North,161.15,3,483.45,147.99,335.46
ORD11246,2025-09-10,Mechanical Keyboard,Accessories,North,46.25,1,46.25,19.73,26.52
ORD10291,2025-09-10,Wireless Mouse,Accessories,Central,27.48,2,54.96,24.56,30.4
ORD10474,2025-09-10,Smartwatch,Wearables,North,87.68,2,175.36,79.95,95.41
ORD12780,2025-09-10,Laptop Stand,Accessories,East,32.13,1,32.13,13.5,18.63
ORD10014,2025-09-11,USB-C Hub,Accessories,North,42.31,3,126.93,57.43,69.5
ORD12598,2025-09-11,Smartwatch,Wearables,Central,143.65,2,287.3,138.89,148.41
ORD10206,2025-09-11,Webcam HD,Peripherals,North,26.2,1,26.2,10.27,15.93
ORD10483,2025-09-11,Webcam HD,Peripherals,North,30.65,1,30.65,11.46,19.19
ORD11248,2025-09-11,Laptop Stand,Accessories,Central,34.36,4,137.44,57.53,79.91
ORD10807,2025-09-11,USB-C Hub,Accessories,Central,27.74,3,83.22,35.84,47.38
ORD12053,2025-09-12,Laptop Stand,Accessories,Central,21.88,1,21.88,9.4,12.48
ORD10264,2025-09-12,External SSD 1TB,Storage,East,76.32,1,76.32,15.44,60.88
ORD11552,2025-09-12,Wireless Mouse,Accessories,South,19.43,1,19.43,7.6,11.83
ORD11498,2025-09-12,Smartwatch,Wearables,West,195.13,1,195.13,97.68,97.45
ORD11965,2025-09-12,Laptop Stand,Accessories,East,26.03,3,78.09,33.04,45.05
ORD10219,2025-09-13,Noise Cancelling Headphones,Audio,North,128.34,6,770.04,230.66,539.38
ORD11948,2025-09-13,Webcam HD,Peripherals,Central,33.47,1,33.47,11.76,21.71
ORD10118,2025-09-13,USB-C Hub,Accessories,North,40.94,1,40.94,17.59,23.35
ORD10115,2025-09-14,Bluetooth Speaker,Audio,Central,59.65,1,59.65,20.77,38.88
ORD10267,2025-09-14,Wireless Mouse,Accessories,North,29.52,3,88.56,43.66,44.9
ORD11316,2025-09-14,Laptop Stand,Accessories,North,20.68,2,41.36,18.97,22.39
ORD10654,2025-09-14,External SSD 1TB,Storage,South,127.14,2,254.28,70.99,183.29
ORD12084,2025-09-15,USB-C Hub,Accessories,Central,22.59,3,67.77,28.41,39.36
ORD11154,2025-09-15,Wireless Mouse,Accessories,East,17.17,1,17.17,7.54,9.63
ORD12530,2025-09-15,External SSD 1TB,Storage,West,106.04,6,636.24,178.2,458.04
ORD11974,2025-09-16,Wireless Mouse,Accessories,East,19.6,1,19.6,8.61,10.99
ORD11817,2025-09-16,Laptop Stand,Accessories,West,33.7,1,33.7,13.64,20.06
ORD10260,2025-09-16,Smartwatch,Wearables,North,174.43,2,348.86,160.65,188.21
ORD11572,2025-09-16,Bluetooth Speaker,Audio,North,75.27,3,225.81,87.78,138.03
ORD11790,2025-09-17,Laptop Stand,Accessories,West,24.58,1,24.58,10.66,13.92
ORD11230,2025-09-17,Noise Cancelling Headphones,Audio,East,125.74,2,251.48,88.92,162.56
ORD10542,2025-09-17,Wireless Mouse,Accessories,East,20.65,1,20.65,8.93,11.72
ORD11525,2025-09-17,Laptop Stand,Accessories,South,22.81,3,68.43,29.07,39.36
ORD10727,2025-09-18,27-inch Monitor,Displays,West,200.98,3,602.94,175.87,427.07
ORD11806,2025-09-18,27-inch Monitor,Displays,North,231.04,4,924.16,268.58,655.58
ORD10848,2025-09-19,Smartwatch,Wearables,East,105.19,2,210.38,86.57,123.81
ORD11451,2025-09-19,Bluetooth Speaker,Audio,North,70.0,1,70.0,28.71,41.29
ORD11314,2025-09-20,Mechanical Keyboard,Accessories,South,49.25,1,49.25,22.01,27.24
ORD12776,2025-09-20,Laptop Stand,Accessories,East,33.52,1,33.52,12.88,20.64
ORD10673,2025-09-20,Wireless Mouse,Accessories,South,25.41,1,25.41,10.71,14.7
ORD11787,2025-09-20,Mechanical Keyboard,Accessories,North,74.19,1,74.19,29.59,44.6
ORD11489,2025-09-20,Bluetooth Speaker,Audio,North,35.48,1,35.48,13.15,22.33
ORD12175,2025-09-21,Smartwatch,Wearables,South,185.24,1,185.24,89.7,95.54
ORD10491,2025-09-21,Bluetooth Speaker,Audio,North,52.56,3,157.68,63.08,94.6
ORD12096,2025-09-21,Laptop Stand,Accessories,North,22.57,1,22.57,10.91,11.66
ORD10194,2025-09-22,Laptop Stand,Accessories,East,18.74,1,18.74,8.0,10.74
ORD11474,2025-09-22,Mechanical Keyboard,Accessories,South,82.45,4,329.8,128.81,200.99
ORD12898,2025-09-22,Webcam HD,Peripherals,North,45.34,1,45.34,16.2,29.14
ORD12900,2025-09-22,Noise Cancelling Headphones,Audio,West,63.68,3,191.04,59.38,131.66
ORD11220,2025-09-22,Webcam HD,Peripherals,North,35.09,2,70.18,28.57,41.61
ORD12246,2025-09-23,External SSD 1TB,Storage,North,100.69,2,201.38,52.67,148.71
ORD11222,2025-09-23,27-inch Monitor,Displays,South,309.14,3,927.42,275.43,651.99
ORD10792,2025-09-23,Laptop Stand,Accessories,South,23.51,5,117.55,50.32,67.23
ORD12147,2025-09-24,Standing Desk,Furniture,South,402.37,2,804.74,159.33,645.41
ORD11501,2025-09-24,External SSD 1TB,Storage,South,97.61,3,292.83,73.15,219.68
ORD11773,2025-09-24,Smartwatch,Wearables,East,114.55,4,458.2,196.96,261.24
ORD11510,2025-09-24,Wireless Mouse,Accessories,East,17.58,1,17.58,7.17,10.41
ORD11619,2025-09-25,Webcam HD,Peripherals,North,44.25,1,44.25,16.06,28.19
ORD10582,2025-09-25,27-inch Monitor,Displays,East,168.29,3,504.87,124.68,380.19
ORD10356,2025-09-25,Webcam HD,Peripherals,West,32.92,2,65.84,26.46,39.38
ORD10062,2025-09-25,Mechanical Keyboard,Accessories,Central,65.67,2,131.34,51.34,80.0
ORD12431,2025-09-25,Laptop Stand,Accessories,North,30.49,3,91.47,40.93,50.54
ORD12956,2025-09-26,Mechanical Keyboard,Accessories,North,84.43,5,422.15,170.32,251.83
ORD11551,2025-09-27,Webcam HD,Peripherals,West,46.36,1,46.36,14.62,31.74
ORD12420,2025-09-28,External SSD 1TB,Storage,East,86.12,1,86.12,22.72,63.4
ORD10107,2025-09-28,Laptop Stand,Accessories,Central,30.71,1,30.71,13.12,17.59
ORD11786,2025-09-28,External SSD 1TB,Storage,East,125.48,2,250.96,61.56,189.4
ORD11785,2025-09-29,Laptop Stand,Accessories,North,31.12,4,124.48,52.3,72.18
ORD11335,2025-09-29,Smartwatch,Wearables,East,127.25,1,127.25,55.12,72.13
ORD12596,2025-09-29,Bluetooth Speaker,Audio,South,33.29,3,99.87,39.39,60.48
ORD10210,2025-09-29,Laptop Stand,Accessories,North,29.98,2,59.96,24.41,35.55
ORD10065,2025-09-29,Wireless Mouse,Accessories,East,16.78,1,16.78,7.08,9.7
ORD12369,2025-09-29,Wireless Mouse,Accessories,North,19.18,3,57.54,26.15,31.39
ORD12655,2025-09-30,27-inch Monitor,Displays,West,312.77,1,312.77,75.61,237.16
ORD11014,2025-09-30,Smartwatch,Wearables,South,86.57,2,173.14,75.17,97.97
ORD11645,2025-09-30,USB-C Hub,Accessories,East,33.62,1,33.62,13.48,20.14
ORD12586,2025-09-30,Bluetooth Speaker,Audio,East,60.9,2,121.8,43.51,78.29
ORD12097,2025-09-30,Laptop Stand,Accessories,West,28.14,4,112.56,42.85,69.71
ORD10471,2025-09-30,External SSD 1TB,Storage,East,125.96,1,125.96,30.57,95.39
ORD11639,2025-09-30,Smartwatch,Wearables,West,125.46,2,250.92,114.24,136.68
ORD12631,2025-10-01,Mechanical Keyboard,Accessories,South,51.86,2,103.72,43.28,60.44
ORD10024,2025-10-01,Webcam HD,Peripherals,East,54.32,2,108.64,32.92,75.72
ORD11391,2025-10-01,Laptop Stand,Accessories,Central,30.12,4,120.48,53.11,67.37
ORD11088,2025-10-01,Laptop Stand,Accessories,South,23.45,2,46.9,20.71,26.19
ORD10953,2025-10-01,Mechanical Keyboard,Accessories,North,78.79,4,315.16,133.19,181.97
ORD11638,2025-10-02,Laptop Stand,Accessories,South,29.94,3,89.82,35.09,54.73
ORD10294,2025-10-02,Bluetooth Speaker,Audio,North,30.35,1,30.35,10.77,19.58
ORD12036,2025-10-02,USB-C Hub,Accessories,North,31.81,1,31.81,15.22,16.59
ORD10801,2025-10-02,27-inch Monitor,Displays,East,174.4,1,174.4,57.85,116.55
ORD11612,2025-10-02,USB-C Hub,Accessories,North,28.52,2,57.04,24.78,32.26
ORD12142,2025-10-03,Laptop Stand,Accessories,North,29.11,1,29.11,11.44,17.67
ORD11049,2025-10-03,Bluetooth Speaker,Audio,Central,31.05,1,31.05,12.97,18.08
ORD12630,2025-10-03,External SSD 1TB,Storage,North,74.71,3,224.13,57.26,166.87
ORD11197,2025-10-03,External SSD 1TB,Storage,West,96.89,2,193.78,58.16,135.62
ORD11608,2025-10-03,Webcam HD,Peripherals,North,41.54,2,83.08,27.67,55.41
ORD10967,2025-10-04,27-inch Monitor,Displays,North,266.48,7,1865.36,548.67,1316.69
ORD10737,2025-10-04,Laptop Stand,Accessories,West,32.42,4,129.68,53.67,76.01
ORD11113,2025-10-04,Webcam HD,Peripherals,North,55.13,1,55.13,20.54,34.59
ORD12396,2025-10-04,27-inch Monitor,Displays,South,192.05,1,192.05,50.17,141.88
ORD11448,2025-10-05,Laptop Stand,Accessories,South,31.94,2,63.88,28.59,35.29
ORD11008,2025-10-05,Bluetooth Speaker,Audio,West,38.89,2,77.78,28.67,49.11
ORD10879,2025-10-06,Laptop Stand,Accessories,East,19.18,3,57.54,22.65,34.89
ORD11280,2025-10-06,Laptop Stand,Accessories,North,22.67,2,45.34,19.82,25.52
ORD11237,2025-10-07,Webcam HD,Peripherals,North,54.66,1,54.66,19.52,35.14
ORD12697,2025-10-07,Mechanical Keyboard,Accessories,West,60.99,3,182.97,65.33,117.64
ORD11273,2025-10-07,Mechanical Keyboard,Accessories,Central,64.38,3,193.14,80.9,112.24
ORD12040,2025-10-08,Laptop Stand,Accessories,Central,26.45,1,26.45,11.19,15.26
ORD12252,2025-10-08,Laptop Stand,Accessories,Central,26.43,2,52.86,22.5,30.36
ORD12535,2025-10-08,USB-C Hub,Accessories,North,35.48,2,70.96,34.14,36.82
ORD12041,2025-10-09,USB-C Hub,Accessories,East,23.01,1,23.01,9.22,13.79
ORD12011,2025-10-09,Standing Desk,Furniture,West,296.9,2,593.8,130.38,463.42
ORD12569,2025-10-09,Smartwatch,Wearables,East,96.37,3,289.11,115.46,173.65
ORD11750,2025-10-10,Wireless Mouse,Accessories,North,17.52,1,17.52,6.6,10.92
ORD10868,2025-10-10,Wireless Mouse,Accessories,West,26.02,1,26.02,10.49,15.53
ORD11681,2025-10-10,USB-C Hub,Accessories,South,30.65,2,61.3,25.51,35.79
ORD11102,2025-10-10,Webcam HD,Peripherals,East,31.62,3,94.86,32.64,62.22
ORD12932,2025-10-10,Wireless Mouse,Accessories,North,15.7,1,15.7,6.89,8.81
ORD11715,2025-10-10,Laptop Stand,Accessories,West,33.83,2,67.66,29.9,37.76
ORD11930,2025-10-10,Smartwatch,Wearables,North,93.99,3,281.97,135.38,146.59
ORD10436,2025-10-11,USB-C Hub,Accessories,South,25.09,1,25.09,10.42,14.67
ORD11763,2025-10-11,USB-C Hub,Accessories,North,21.06,1,21.06,9.15,11.91
ORD10887,2025-10-12,Laptop Stand,Accessories,South,26.15,1,26.15,10.42,15.73
ORD10752,2025-10-12,Mechanical Keyboard,Accessories,East,76.4,3,229.2,98.73,130.47
ORD10514,2025-10-12,Smartwatch,Wearables,Central,121.03,1,121.03,56.2,64.83
ORD12013,2025-10-12,Mechanical Keyboard,Accessories,South,89.53,2,179.06,72.52,106.54
ORD12921,2025-10-12,USB-C Hub,Accessories,South,21.46,4,85.84,27.8,58.04
ORD10584,2025-10-12,Bluetooth Speaker,Audio,North,64.83,1,64.83,23.37,41.46
ORD11603,2025-10-12,Mechanical Keyboard,Accessories,West,64.6,2,129.2,64.21,64.99
ORD10397,2025-10-13,Smartwatch,Wearables,North,92.58,3,277.74,124.16,153.58
ORD10026,2025-10-13,Webcam HD,Peripherals,West,55.89,1,55.89,18.49,37.4
ORD12619,2025-10-13,Laptop Stand,Accessories,West,19.66,3,58.98,24.96,34.02
ORD10749,2025-10-13,USB-C Hub,Accessories,West,22.32,2,44.64,20.23,24.41
ORD11985,2025-10-13,Smartwatch,Wearables,South,131.89,2,263.78,121.32,142.46
ORD11541,2025-10-14,Wireless Mouse,Accessories,North,25.41,1,25.41,10.51,14.9
ORD11359,2025-10-14,Laptop Stand,Accessories,North,25.99,2,51.98,19.83,32.15
ORD10482,2025-10-14,Bluetooth Speaker,Audio,East,49.24,3,147.72,54.81,92.91
ORD11033,2025-10-15,External SSD 1TB,Storage,North,98.98,2,197.96,42.4,155.56
ORD12806,2025-10-15,Noise Cancelling Headphones,Audio,North,101.39,1,101.39,39.59,61.8
ORD12376,2025-10-15,Laptop Stand,Accessories,East,30.56,2,61.12,28.42,32.7
ORD10012,2025-10-16,Bluetooth Speaker,Audio,South,41.44,1,41.44,17.05,24.39
ORD11274,2025-10-16,Wireless Mouse,Accessories,Central,23.36,3,70.08,28.18,41.9
ORD10230,2025-10-16,27-inch Monitor,Displays,North,185.05,2,370.1,92.69,277.41
ORD10148,2025-10-16,Bluetooth Speaker,Audio,East,32.58,1,32.58,11.02,21.56
ORD10571,2025-10-16,External SSD 1TB,Storage,North,93.08,2,186.16,48.98,137.18
ORD12695,2025-10-16,Laptop Stand,Accessories,North,30.18,1,30.18,13.19,16.99
ORD10042,2025-10-17,Smartwatch,Wearables,South,141.96,2,283.92,134.44,149.48
ORD11564,2025-10-17,Mechanical Keyboard,Accessories,East,70.61,1,70.61,30.36,40.25
ORD12073,2025-10-18,Laptop Stand,Accessories,North,18.43,2,36.86,14.14,22.72
ORD10063,2025-10-18,Smartwatch,Wearables,West,198.32,2,396.64,155.59,241.05
ORD11765,2025-10-18,Noise Cancelling Headphones,Audio,East,125.95,3,377.85,156.11,221.74
ORD10982,2025-10-18,Laptop Stand,Accessories,South,21.12,1,21.12,8.33,12.79
ORD10822,2025-10-18,Laptop Stand,Accessories,Central,20.78,2,41.56,19.81,21.75
ORD10616,2025-10-19,Mechanical Keyboard,Accessories,West,80.01,1,80.01,28.52,51.49
ORD12108,2025-10-19,Webcam HD,Peripherals,South,31.55,3,94.65,29.96,64.69
ORD12225,2025-10-19,27-inch Monitor,Displays,East,307.01,3,921.03,231.75,689.28
ORD10349,2025-10-19,Mechanical Keyboard,Accessories,South,59.19,2,118.38,50.61,67.77
ORD11760,2025-10-19,Laptop Stand,Accessories,West,19.44,2,38.88,17.09,21.79
ORD10503,2025-10-19,Smartwatch,Wearables,East,131.73,4,526.92,228.17,298.75
ORD12329,2025-10-19,Smartwatch,Wearables,North,127.79,1,127.79,59.73,68.06
ORD11993,2025-10-19,Webcam HD,Peripherals,East,48.85,2,97.7,30.34,67.36
ORD12127,2025-10-20,Laptop Stand,Accessories,North,20.02,1,20.02,8.1,11.92
ORD12467,2025-10-21,Smartwatch,Wearables,East,148.68,1,148.68,61.43,87.25
ORD11633,2025-10-21,USB-C Hub,Accessories,North,40.86,4,163.44,65.83,97.61
ORD12493,2025-10-21,Bluetooth Speaker,Audio,North,48.47,2,96.94,34.92,62.02
ORD11987,2025-10-21,Webcam HD,Peripherals,North,58.49,2,116.98,41.94,75.04
ORD11194,2025-10-22,27-inch Monitor,Displays,North,203.52,1,203.52,77.84,125.68
ORD11430,2025-10-22,Noise Cancelling Headphones,Audio,South,123.89,1,123.89,41.92,81.97
ORD11781,2025-10-22,Bluetooth Speaker,Audio,North,74.19,1,74.19,27.7,46.49
ORD12670,2025-10-22,Smartwatch,Wearables,North,127.38,2,254.76,119.7,135.06
ORD10119,2025-10-22,Laptop Stand,Accessories,North,30.65,2,61.3,25.84,35.46
ORD10275,2025-10-23,Smartwatch,Wearables,North,192.49,1,192.49,94.68,97.81
ORD11689,2025-10-23,Standing Desk,Furniture,South,318.77,2,637.54,120.31,517.23
ORD12728,2025-10-23,USB-C Hub,Accessories,South,21.0,1,21.0,9.29,11.71
ORD10036,2025-10-24,Mechanical Keyboard,Accessories,South,65.92,4,263.68,104.39,159.29
ORD10698,2025-10-24,Webcam HD,Peripherals,South,35.72,1,35.72,13.36,22.36
ORD12146,2025-10-25,Laptop Stand,Accessories,North,20.59,1,20.59,8.74,11.85
ORD10055,2025-10-25,External SSD 1TB,Storage,North,103.71,2,207.42,53.26,154.16
ORD10228,2025-10-25,External SSD 1TB,Storage,East,95.42,1,95.42,22.12,73.3
ORD11954,2025-10-25,Smartwatch,Wearables,South,123.4,4,493.6,194.46,299.14
ORD10097,2025-10-25,Standing Desk,Furniture,South,220.06,3,660.18,122.97,537.21
ORD11663,2025-10-25,Smartwatch,Wearables,South,143.46,3,430.38,202.52,227.86
ORD10645,2025-10-25,Laptop Stand,Accessories,North,26.78,5,133.9,55.1,78.8
ORD11361,2025-10-25,External SSD 1TB,Storage,East,77.19,4,308.76,83.81,224.95
ORD11735,2025-10-25,Webcam HD,Peripherals,West,58.65,2,117.3,36.33,80.97
ORD12443,2025-10-25,Laptop Stand,Accessories,North,33.57,1,33.57,14.72,18.85
ORD12065,2025-10-26,Webcam HD,Peripherals,Central,51.68,7,361.76,137.31,224.45
ORD12542,2025-10-26,External SSD 1TB,Storage,North,117.08,1,117.08,21.44,95.64
ORD12205,2025-10-26,Webcam HD,Peripherals,North,57.58,2,115.16,41.34,73.82
ORD12080,2025-10-27,27-inch Monitor,Displays,South,266.17,3,798.51,269.51,529.0
ORD12388,2025-10-27,Smartwatch,Wearables,North,141.38,4,565.52,241.35,324.17
ORD10189,2025-10-27,Laptop Stand,Accessories,North,20.26,3,60.78,27.31,33.47
ORD10632,2025-10-27,Bluetooth Speaker,Audio,Central,46.87,6,281.22,107.05,174.17
ORD12360,2025-10-27,27-inch Monitor,Displays,North,299.46,3,898.38,274.06,624.32
ORD12412,2025-10-27,Bluetooth Speaker,Audio,South,64.86,4,259.44,95.45,163.99
ORD11473,2025-10-27,Wireless Mouse,Accessories,East,23.61,2,47.22,18.71,28.51
ORD12914,2025-10-27,Bluetooth Speaker,Audio,South,36.63,3,109.89,40.3,69.59
ORD10740,2025-10-27,USB-C Hub,Accessories,Central,27.3,2,54.6,22.31,32.29
ORD12568,2025-10-27,27-inch Monitor,Displays,West,194.67,1,194.67,50.98,143.69
ORD12688,2025-10-28,Bluetooth Speaker,Audio,East,77.86,5,389.3,137.49,251.81
ORD11382,2025-10-28,Bluetooth Speaker,Audio,South,46.74,5,233.7,96.43,137.27
ORD12854,2025-10-28,Webcam HD,Peripherals,South,34.39,3,103.17,34.27,68.9
ORD11084,2025-10-28,External SSD 1TB,Storage,South,73.36,2,146.72,31.31,115.41
ORD10211,2025-10-30,Laptop Stand,Accessories,West,32.76,1,32.76,12.83,19.93
ORD12045,2025-10-30,Laptop Stand,Accessories,North,23.42,2,46.84,20.34,26.5
ORD12471,2025-10-31,Webcam HD,Peripherals,South,38.39,2,76.78,21.71,55.07
ORD10238,2025-10-31,Laptop Stand,Accessories,South,30.85,4,123.4,53.62,69.78
ORD12275,2025-11-01,27-inch Monitor,Displays,East,176.75,3,530.25,159.6,370.65
ORD11118,2025-11-01,External SSD 1TB,Storage,North,100.76,3,302.28,87.02,215.26
ORD12143,2025-11-01,27-inch Monitor,Displays,North,217.18,6,1303.08,347.14,955.94
ORD12580,2025-11-01,27-inch Monitor,Displays,South,156.25,1,156.25,39.85,116.4
ORD11284,2025-11-01,Noise Cancelling Headphones,Audio,South,60.78,1,60.78,23.39,37.39
ORD10258,2025-11-02,Laptop Stand,Accessories,South,19.87,4,79.48,33.69,45.79
ORD10299,2025-11-02,Noise Cancelling Headphones,Audio,South,146.71,3,440.13,184.43,255.7
ORD12981,2025-11-02,Wireless Mouse,Accessories,East,22.73,6,136.38,57.46,78.92
ORD11110,2025-11-02,Bluetooth Speaker,Audio,South,39.81,3,119.43,43.82,75.61
ORD10790,2025-11-03,Mechanical Keyboard,Accessories,East,70.48,4,281.92,107.07,174.85
ORD10896,2025-11-03,27-inch Monitor,Displays,West,217.94,4,871.76,238.4,633.36
ORD11505,2025-11-04,Laptop Stand,Accessories,North,18.97,6,113.82,48.03,65.79
ORD10406,2025-11-04,USB-C Hub,Accessories,West,30.89,1,30.89,14.06,16.83
ORD12015,2025-11-04,Laptop Stand,Accessories,South,20.64,3,61.92,26.19,35.73
ORD10394,2025-11-04,Laptop Stand,Accessories,Central,31.41,4,125.64,57.82,67.82
ORD12883,2025-11-05,Noise Cancelling Headphones,Audio,North,132.12,3,396.36,165.28,231.08
ORD12494,2025-11-05,Bluetooth Speaker,Audio,West,63.19,4,252.76,90.19,162.57
ORD11031,2025-11-05,Webcam HD,Peripherals,North,41.12,8,328.96,103.84,225.12
ORD10626,2025-11-05,Noise Cancelling Headphones,Audio,South,70.76,3,212.28,76.59,135.69
ORD11942,2025-11-05,Smartwatch,Wearables,North,142.21,1,142.21,62.97,79.24
ORD11172,2025-11-05,Mechanical Keyboard,Accessories,Central,74.01,4,296.04,117.12,178.92
ORD11163,2025-11-05,Wireless Mouse,Accessories,West,20.12,6,120.72,53.22,67.5
ORD12123,2025-11-06,Laptop Stand,Accessories,North,34.48,3,103.44,45.52,57.92
ORD12997,2025-11-06,USB-C Hub,Accessories,South,37.38,1,37.38,17.05,20.33
ORD10054,2025-11-06,USB-C Hub,Accessories,West,38.77,4,155.08,66.41,88.67
ORD12740,2025-11-07,Smartwatch,Wearables,East,118.4,4,473.6,206.87,266.73
ORD12696,2025-11-07,Smartwatch,Wearables,South,138.1,1,138.1,63.82,74.28
ORD11644,2025-11-07,27-inch Monitor,Displays,East,245.89,1,245.89,62.12,183.77
ORD12529,2025-11-07,Bluetooth Speaker,Audio,North,31.79,3,95.37,36.66,58.71
ORD10602,2025-11-07,Wireless Mouse,Accessories,South,15.52,1,15.52,6.16,9.36
ORD10838,2025-11-08,Laptop Stand,Accessories,South,27.74,1,27.74,12.61,15.13
ORD11769,2025-11-08,Webcam HD,Peripherals,North,56.83,3,170.49,46.04,124.45
ORD11351,2025-11-08,Laptop Stand,Accessories,South,20.13,1,20.13,8.96,11.17
ORD11734,2025-11-09,Bluetooth Speaker,Audio,West,61.98,3,185.94,75.58,110.36
ORD11365,2025-11-09,Standing Desk,Furniture,West,298.24,8,2385.92,521.87,1864.05
ORD11438,2025-11-09,Bluetooth Speaker,Audio,Central,64.99,3,194.97,76.06,118.91
ORD12566,2025-11-09,Laptop Stand,Accessories,South,28.51,3,85.53,36.45,49.08
ORD12949,2025-11-09,Bluetooth Speaker,Audio,East,38.38,1,38.38,16.07,22.31
ORD12672,2025-11-10,Laptop Stand,Accessories,Central,31.75,3,95.25,44.73,50.52
ORD12882,2025-11-10,Webcam HD,Peripherals,South,56.57,6,339.42,118.9,220.52
ORD10671,2025-11-10,27-inch Monitor,Displays,West,230.41,1,230.41,75.81,154.6
ORD11483,2025-11-10,Webcam HD,Peripherals,West,47.29,3,141.87,46.92,94.95
ORD12969,2025-11-10,Webcam HD,Peripherals,Central,55.99,4,223.96,81.18,142.78
ORD12153,2025-11-10,Laptop Stand,Accessories,South,20.54,6,123.24,53.38,69.86
ORD11080,2025-11-11,Webcam HD,Peripherals,South,44.8,8,358.4,111.88,246.52
ORD10872,2025-11-13,Laptop Stand,Accessories,East,30.8,1,30.8,13.24,17.56
ORD12157,2025-11-13,Wireless Mouse,Accessories,North,24.19,6,145.14,58.05,87.09
ORD12112,2025-11-13,USB-C Hub,Accessories,Central,27.57,3,82.71,36.71,46.0
ORD12284,2025-11-13,27-inch Monitor,Displays,East,163.59,1,163.59,41.45,122.14
ORD10761,2025-11-14,27-inch Monitor,Displays,East,218.72,6,1312.32,297.62,1014.7
ORD11670,2025-11-14,Wireless Mouse,Accessories,North,22.48,3,67.44,25.69,41.75
ORD11432,2025-11-14,Laptop Stand,Accessories,North,23.73,3,71.19,29.95,41.24
ORD12448,2025-11-14,Webcam HD,Peripherals,East,43.07,3,129.21,46.43,82.78
ORD12977,2025-11-14,27-inch Monitor,Displays,West,176.27,3,528.81,153.47,375.34
ORD10590,2025-11-15,Laptop Stand,Accessories,North,22.5,1,22.5,8.94,13.56
ORD10617,2025-11-15,Laptop Stand,Accessories,North,26.93,9,242.37,107.52,134.85
ORD12280,2025-11-15,Laptop Stand,Accessories,West,31.34,4,125.36,50.59,74.77
ORD10494,2025-11-15,Laptop Stand,Accessories,South,26.73,4,106.92,44.2,62.72
ORD12743,2025-11-15,27-inch Monitor,Displays,North,234.88,4,939.52,290.69,648.83
ORD11906,2025-11-16,Laptop Stand,Accessories,West,18.33,1,18.33,7.61,10.72
ORD10374,2025-11-17,Bluetooth Speaker,Audio,West,58.68,3,176.04,56.97,119.07
ORD10933,2025-11-17,Wireless Mouse,Accessories,South,26.71,3,80.13,35.37,44.76
ORD11034,2025-11-17,Laptop Stand,Accessories,West,30.84,3,92.52,38.86,53.66
ORD11440,2025-11-18,Smartwatch,Wearables,Central,126.45,4,505.8,221.74,284.06
ORD10961,2025-11-18,Laptop Stand,Accessories,North,33.56,6,201.36,92.35,109.01
ORD10315,2025-11-18,Mechanical Keyboard,Accessories,Central,62.02,1,62.02,24.88,37.14
ORD12941,2025-11-18,Laptop Stand,Accessories,South,26.98,4,107.92,47.43,60.49
ORD10811,2025-11-18,USB-C Hub,Accessories,West,26.35,1,26.35,11.17,15.18
ORD12777,2025-11-18,Laptop Stand,Accessories,North,26.27,3,78.81,39.24,39.57
ORD11824,2025-11-19,Wireless Mouse,Accessories,East,29.48,11,324.28,118.68,205.6
ORD11589,2025-11-20,Smartwatch,Wearables,Central,127.09,1,127.09,57.93,69.16
ORD10965,2025-11-20,Smartwatch,Wearables,East,154.69,1,154.69,71.21,83.48
ORD10696,2025-11-20,Laptop Stand,Accessories,Central,27.82,3,83.46,37.8,45.66
ORD12705,2025-11-20,Wireless Mouse,Accessories,South,29.14,1,29.14,11.87,17.27
ORD10191,2025-11-20,Webcam HD,Peripherals,East,52.42,4,209.68,69.39,140.29
ORD10655,2025-11-21,Wireless Mouse,Accessories,North,16.07,8,128.56,59.35,69.21
ORD11699,2025-11-21,Noise Cancelling Headphones,Audio,West,61.7,1,61.7,22.65,39.05
ORD10050,2025-11-21,External SSD 1TB,Storage,North,107.56,3,322.68,83.36,239.32
ORD11849,2025-11-22,Laptop Stand,Accessories,North,26.22,4,104.88,43.88,61.0
ORD10647,2025-11-22,Wireless Mouse,Accessories,North,16.75,1,16.75,7.23,9.52
ORD12484,2025-11-22,27-inch Monitor,Displays,South,282.54,1,282.54,67.68,214.86
ORD12169,2025-11-22,Noise Cancelling Headphones,Audio,North,148.79,3,446.37,162.33,284.04
ORD10970,2025-11-22,Laptop Stand,Accessories,South,25.21,3,75.63,31.63,44.0
ORD12654,2025-11-23,Smartwatch,Wearables,East,110.61,1,110.61,50.12,60.49
ORD10473,2025-11-24,External SSD 1TB,Storage,East,72.1,8,576.8,163.13,413.67
ORD12161,2025-11-24,Laptop Stand,Accessories,North,23.91,1,23.91,10.41,13.5
ORD11028,2025-11-24,Laptop Stand,Accessories,South,22.84,1,22.84,9.99,12.85
ORD12079,2025-11-24,Mechanical Keyboard,Accessories,North,62.8,1,62.8,26.27,36.53
ORD10710,2025-11-24,Laptop Stand,Accessories,West,25.55,6,153.3,70.16,83.14
ORD12268,2025-11-25,27-inch Monitor,Displays,South,206.69,3,620.07,162.28,457.79
ORD12886,2025-11-25,Webcam HD,Peripherals,South,55.69,1,55.69,19.33,36.36
ORD11768,2025-11-25,Webcam HD,Peripherals,Central,44.94,3,134.82,41.16,93.66
ORD11221,2025-11-25,Laptop Stand,Accessories,Central,18.03,1,18.03,7.0,11.03
ORD11219,2025-11-25,External SSD 1TB,Storage,North,76.49,4,305.96,84.25,221.71
ORD10567,2025-11-26,Laptop Stand,Accessories,West,18.86,1,18.86,7.89,10.97
ORD11175,2025-11-26,Webcam HD,Peripherals,South,36.07,3,108.21,31.84,76.37
ORD10554,2025-11-26,Laptop Stand,Accessories,South,22.44,4,89.76,37.57,52.19
ORD12221,2025-11-26,Noise Cancelling Headphones,Audio,West,118.26,1,118.26,44.09,74.17
ORD11730,2025-11-27,Laptop Stand,Accessories,North,20.09,1,20.09,7.75,12.34
ORD12548,2025-11-27,Webcam HD,Peripherals,East,44.11,6,264.66,95.24,169.42
ORD12299,2025-11-27,Laptop Stand,Accessories,Central,25.2,4,100.8,41.5,59.3
ORD11251,2025-11-27,Bluetooth Speaker,Audio,North,59.04,1,59.04,22.44,36.6
ORD10687,2025-11-28,Mechanical Keyboard,Accessories,North,50.33,3,150.99,67.66,83.33
ORD12462,2025-11-28,Wireless Mouse,Accessories,West,27.65,6,165.9,66.58,99.32
ORD11397,2025-11-29,Mechanical Keyboard,Accessories,North,82.72,4,330.88,149.59,181.29
ORD12070,2025-11-29,Wireless Mouse,Accessories,West,15.52,3,46.56,19.17,27.39
ORD11549,2025-11-30,Webcam HD,Peripherals,South,33.61,8,268.88,91.98,176.9
ORD11337,2025-11-30,Mechanical Keyboard,Accessories,West,55.72,3,167.16,76.63,90.53
ORD10800,2025-11-30,Bluetooth Speaker,Audio,North,58.82,3,176.46,69.02,107.44
ORD10878,2025-11-30,Bluetooth Speaker,Audio,North,52.13,4,208.52,76.66,131.86
ORD11012,2025-11-30,Mechanical Keyboard,Accessories,North,54.26,8,434.08,180.67,253.41
ORD12315,2025-11-30,Wireless Mouse,Accessories,East,20.15,3,60.45,25.76,34.69
ORD12355,2025-11-30,27-inch Monitor,Displays,North,169.9,1,169.9,40.13,129.77
ORD12408,2025-11-30,External SSD 1TB,Storage,East,70.85,4,283.4,76.44,206.96
ORD11878,2025-12-01,Smartwatch,Wearables,West,116.3,4,465.2,209.17,256.03
ORD11556,2025-12-01,Bluetooth Speaker,Audio,East,67.98,6,407.88,139.09,268.79
ORD12787,2025-12-01,27-inch Monitor,Displays,North,276.01,1,276.01,69.41,206.6
ORD10342,2025-12-01,Wireless Mouse,Accessories,North,15.11,1,15.11,6.73,8.38
ORD10544,2025-12-01,Mechanical Keyboard,Accessories,West,64.36,6,386.16,147.46,238.7
ORD12683,2025-12-01,USB-C Hub,Accessories,North,38.46,4,153.84,74.47,79.37
ORD12632,2025-12-02,Smartwatch,Wearables,East,138.9,6,833.4,348.13,485.27
ORD11390,2025-12-02,Mechanical Keyboard,Accessories,South,52.62,1,52.62,22.41,30.21
ORD10005,2025-12-02,Laptop Stand,Accessories,South,24.61,3,73.83,25.34,48.49
ORD11682,2025-12-02,Laptop Stand,Accessories,Central,28.13,4,112.52,46.98,65.54
ORD10243,2025-12-02,Laptop Stand,Accessories,Central,28.21,8,225.68,91.16,134.52
ORD11803,2025-12-02,Bluetooth Speaker,Audio,East,67.48,4,269.92,106.36,163.56
ORD12674,2025-12-03,Laptop Stand,Accessories,West,32.51,4,130.04,55.31,74.73
ORD11867,2025-12-04,Laptop Stand,Accessories,South,31.52,3,94.56,38.72,55.84
ORD10293,2025-12-04,Laptop Stand,Accessories,West,20.27,1,20.27,9.81,10.46
ORD11095,2025-12-04,Wireless Mouse,Accessories,East,24.82,3,74.46,32.95,41.51
ORD12081,2025-12-04,Laptop Stand,Accessories,East,20.72,1,20.72,8.23,12.49
ORD11582,2025-12-05,Smartwatch,Wearables,West,128.45,1,128.45,59.06,69.39
ORD11046,2025-12-05,27-inch Monitor,Displays,East,164.17,6,985.02,189.88,795.14
ORD12248,2025-12-05,Laptop Stand,Accessories,Central,29.12,3,87.36,35.09,52.27
ORD11995,2025-12-05,Laptop Stand,Accessories,South,30.65,3,91.95,41.97,49.98
ORD10625,2025-12-06,Noise Cancelling Headphones,Audio,East,121.4,1,121.4,44.0,77.4
ORD12174,2025-12-06,External SSD 1TB,Storage,North,83.25,3,249.75,63.28,186.47
ORD11476,2025-12-06,27-inch Monitor,Displays,East,234.37,6,1406.22,343.71,1062.51
ORD12811,2025-12-06,Mechanical Keyboard,Accessories,West,77.29,1,77.29,34.2,43.09
ORD11703,2025-12-06,Laptop Stand,Accessories,South,30.84,3,92.52,39.08,53.44
ORD10029,2025-12-06,Bluetooth Speaker,Audio,South,62.6,3,187.8,71.15,116.65
ORD11021,2025-12-06,Webcam HD,Peripherals,South,29.36,4,117.44,44.26,73.18
ORD12235,2025-12-07,Smartwatch,Wearables,North,172.8,4,691.2,344.16,347.04
ORD10981,2025-12-07,Bluetooth Speaker,Audio,West,65.65,1,65.65,26.44,39.21
ORD12779,2025-12-07,Bluetooth Speaker,Audio,North,55.89,3,167.67,54.8,112.87
ORD12970,2025-12-07,Bluetooth Speaker,Audio,North,69.87,4,279.48,109.17,170.31
ORD11281,2025-12-07,Smartwatch,Wearables,North,112.16,3,336.48,153.63,182.85
ORD11680,2025-12-07,Wireless Mouse,Accessories,East,21.92,4,87.68,33.69,53.99
ORD10711,2025-12-08,Smartwatch,Wearables,Central,137.99,4,551.96,220.88,331.08
ORD10259,2025-12-08,External SSD 1TB,Storage,Central,84.61,6,507.66,119.96,387.7
ORD12544,2025-12-08,Bluetooth Speaker,Audio,North,39.06,1,39.06,14.43,24.63
ORD12968,2025-12-08,USB-C Hub,Accessories,Central,35.65,1,35.65,14.85,20.8
ORD10302,2025-12-08,Laptop Stand,Accessories,South,19.51,4,78.04,30.94,47.1
ORD10430,2025-12-09,Bluetooth Speaker,Audio,North,58.17,3,174.51,66.85,107.66
ORD11214,2025-12-09,Bluetooth Speaker,Audio,South,36.68,3,110.04,42.6,67.44
ORD10942,2025-12-09,Wireless Mouse,Accessories,South,23.03,1,23.03,9.43,13.6
ORD11185,2025-12-09,Laptop Stand,Accessories,South,34.62,1,34.62,14.88,19.74
ORD11515,2025-12-09,Laptop Stand,Accessories,Central,28.62,6,171.72,68.8,102.92
ORD10768,2025-12-10,Laptop Stand,Accessories,South,21.84,1,21.84,8.1,13.74
ORD11568,2025-12-10,Bluetooth Speaker,Audio,West,65.3,6,391.8,148.11,243.69
ORD11076,2025-12-10,Webcam HD,Peripherals,West,44.6,3,133.8,50.12,83.68
ORD10290,2025-12-10,Smartwatch,Wearables,Central,169.67,4,678.68,359.1,319.58
ORD11189,2025-12-11,Webcam HD,Peripherals,North,34.14,3,102.42,29.13,73.29
ORD12030,2025-12-11,Smartwatch,Wearables,West,107.64,3,322.92,139.83,183.09
ORD12524,2025-12-11,Webcam HD,Peripherals,East,26.11,1,26.11,8.4,17.71
ORD12134,2025-12-11,Mechanical Keyboard,Accessories,North,85.07,3,255.21,108.78,146.43
ORD11657,2025-12-11,Mechanical Keyboard,Accessories,East,80.96,3,242.88,95.18,147.7
ORD12792,2025-12-11,Bluetooth Speaker,Audio,North,52.2,6,313.2,119.63,193.57
ORD10563,2025-12-12,External SSD 1TB,Storage,East,118.06,1,118.06,32.8,85.26
ORD11268,2025-12-12,Webcam HD,Peripherals,South,33.11,3,99.33,32.36,66.97
ORD10657,2025-12-12,Laptop Stand,Accessories,North,19.31,1,19.31,8.03,11.28
ORD11978,2025-12-13,Laptop Stand,Accessories,North,21.98,3,65.94,30.78,35.16
ORD10587,2025-12-14,Webcam HD,Peripherals,North,32.79,3,98.37,36.87,61.5
ORD10546,2025-12-14,Bluetooth Speaker,Audio,West,36.17,8,289.36,95.41,193.95
ORD10923,2025-12-14,Webcam HD,Peripherals,North,58.12,3,174.36,71.58,102.78
ORD12343,2025-12-15,Laptop Stand,Accessories,North,22.72,1,22.72,9.04,13.68
ORD11235,2025-12-15,Wireless Mouse,Accessories,South,23.83,4,95.32,40.75,54.57
ORD12198,2025-12-15,Wireless Mouse,Accessories,West,25.75,1,25.75,10.45,15.3
ORD12200,2025-12-16,Noise Cancelling Headphones,Audio,South,77.35,1,77.35,28.21,49.14
ORD10874,2025-12-16,Laptop Stand,Accessories,North,28.27,3,84.81,33.72,51.09
ORD11777,2025-12-17,Laptop Stand,Accessories,South,20.02,8,160.16,70.0,90.16
ORD10999,2025-12-17,27-inch Monitor,Displays,West,244.4,3,733.2,187.13,546.07
ORD12424,2025-12-17,Smartwatch,Wearables,West,97.25,1,97.25,39.94,57.31
ORD11442,2025-12-17,Webcam HD,Peripherals,North,53.11,3,159.33,52.8,106.53
ORD12063,2025-12-17,Laptop Stand,Accessories,South,27.67,4,110.68,46.32,64.36
ORD12931,2025-12-18,Laptop Stand,Accessories,South,21.54,1,21.54,7.72,13.82
ORD10058,2025-12-18,Noise Cancelling Headphones,Audio,North,103.43,1,103.43,41.61,61.82
ORD10619,2025-12-18,Bluetooth Speaker,Audio,North,46.18,3,138.54,49.46,89.08
ORD10950,2025-12-18,Bluetooth Speaker,Audio,South,38.41,1,38.41,15.37,23.04
ORD11506,2025-12-18,Wireless Mouse,Accessories,North,24.27,1,24.27,11.16,13.11
ORD11377,2025-12-18,Smartwatch,Wearables,South,89.13,9,802.17,367.39,434.78
ORD11971,2025-12-18,Wireless Mouse,Accessories,North,15.69,1,15.69,6.82,8.87
ORD12094,2025-12-18,Noise Cancelling Headphones,Audio,North,111.76,1,111.76,40.8,70.96
ORD11880,2025-12-18,Noise Cancelling Headphones,Audio,North,109.29,3,327.87,117.54,210.33
ORD12191,2025-12-19,USB-C Hub,Accessories,North,37.35,1,37.35,13.51,23.84
ORD10461,2025-12-19,Webcam HD,Peripherals,North,40.77,4,163.08,55.91,107.17
ORD12772,2025-12-19,Laptop Stand,Accessories,North,31.49,3,94.47,38.0,56.47
ORD12148,2025-12-19,Laptop Stand,Accessories,Central,21.11,1,21.11,7.34,13.77
ORD12963,2025-12-19,USB-C Hub,Accessories,North,35.1,8,280.8,119.85,160.95
ORD11963,2025-12-19,Webcam HD,Peripherals,North,49.62,1,49.62,19.56,30.06
ORD10547,2025-12-20,27-inch Monitor,Displays,East,158.43,1,158.43,46.06,112.37
ORD12905,2025-12-20,Smartwatch,Wearables,North,197.78,3,593.34,286.88,306.46
ORD10728,2025-12-21,USB-C Hub,Accessories,South,31.78,3,95.34,39.15,56.19
ORD12374,2025-12-21,External SSD 1TB,Storage,South,92.9,1,92.9,20.27,72.63
ORD12673,2025-12-21,Bluetooth Speaker,Audio,East,43.19,1,43.19,16.44,26.75
ORD10518,2025-12-21,External SSD 1TB,Storage,West,80.18,1,80.18,19.11,61.07
ORD12581,2025-12-21,Laptop Stand,Accessories,West,30.34,3,91.02,35.01,56.01
ORD12716,2025-12-22,Webcam HD,Peripherals,North,49.1,3,147.3,55.92,91.38
ORD10648,2025-12-22,Laptop Stand,Accessories,West,21.68,1,21.68,9.19,12.49
ORD12629,2025-12-22,USB-C Hub,Accessories,South,34.38,1,34.38,13.72,20.66
ORD11408,2025-12-22,Smartwatch,Wearables,West,122.51,4,490.04,222.77,267.27
ORD10866,2025-12-22,Smartwatch,Wearables,West,101.28,1,101.28,45.0,56.28
ORD11403,2025-12-23,Bluetooth Speaker,Audio,South,44.7,3,134.1,53.27,80.83
ORD12099,2025-12-23,USB-C Hub,Accessories,North,34.64,3,103.92,48.49,55.43
ORD12162,2025-12-23,Laptop Stand,Accessories,South,29.14,1,29.14,11.66,17.48
ORD11865,2025-12-23,Laptop Stand,Accessories,North,30.86,1,30.86,11.82,19.04
ORD12042,2025-12-24,Webcam HD,Peripherals,East,49.68,1,49.68,19.38,30.3
ORD12783,2025-12-24,Wireless Mouse,Accessories,North,15.44,3,46.32,22.73,23.59
ORD10100,2025-12-24,Laptop Stand,Accessories,East,22.12,1,22.12,8.86,13.26
ORD11306,2025-12-25,Laptop Stand,Accessories,West,20.73,1,20.73,8.12,12.61
ORD11065,2025-12-25,Webcam HD,Peripherals,West,56.78,1,56.78,17.77,39.01
ORD10541,2025-12-25,External SSD 1TB,Storage,West,84.98,1,84.98,21.13,63.85
ORD10884,2025-12-25,Laptop Stand,Accessories,South,31.23,1,31.23,13.18,18.05
ORD11477,2025-12-26,Smartwatch,Wearables,South,86.59,4,346.36,152.77,193.59
ORD10090,2025-12-26,27-inch Monitor,Displays,North,279.19,3,837.57,254.64,582.93
ORD10694,2025-12-26,External SSD 1TB,Storage,West,77.9,4,311.6,69.93,241.67
ORD10377,2025-12-26,Bluetooth Speaker,Audio,South,64.63,1,64.63,23.34,41.29
ORD12282,2025-12-27,Laptop Stand,Accessories,North,28.38,6,170.28,64.93,105.35
ORD10500,2025-12-27,Webcam HD,Peripherals,South,40.16,6,240.96,94.1,146.86
ORD10039,2025-12-27,Noise Cancelling Headphones,Audio,West,89.53,3,268.59,110.45,158.14
ORD11629,2025-12-28,Noise Cancelling Headphones,Audio,North,108.44,3,325.32,136.04,189.28
ORD12441,2025-12-28,Bluetooth Speaker,Audio,East,47.25,3,141.75,50.15,91.6
ORD12517,2025-12-28,Standing Desk,Furniture,East,327.41,1,327.41,84.85,242.56
ORD10856,2025-12-28,Noise Cancelling Headphones,Audio,North,77.75,1,77.75,30.15,47.6
ORD12180,2025-12-28,Wireless Mouse,Accessories,South,25.82,1,25.82,11.38,14.44
ORD10731,2025-12-28,Smartwatch,Wearables,South,80.73,1,80.73,37.66,43.07
ORD10855,2025-12-29,Webcam HD,Peripherals,South,42.96,1,42.96,14.59,28.37
ORD10442,2025-12-29,USB-C Hub,Accessories,North,44.31,1,44.31,18.35,25.96
ORD10297,2025-12-29,Bluetooth Speaker,Audio,North,33.27,1,33.27,11.08,22.19
ORD11333,2025-12-29,Smartwatch,Wearables,West,152.46,1,152.46,65.98,86.48
ORD11860,2025-12-29,27-inch Monitor,Displays,North,312.33,3,936.99,255.26,681.73
ORD11086,2025-12-30,Bluetooth Speaker,Audio,East,52.22,1,52.22,18.0,34.22
ORD12906,2025-12-30,Webcam HD,Peripherals,Central,30.42,6,182.52,64.28,118.24
ORD11223,2025-12-30,Laptop Stand,Accessories,North,23.38,3,70.14,32.09,38.05
ORD12195,2025-12-30,Laptop Stand,Accessories,South,34.77,1,34.77,14.06,20.71
ORD11836,2025-12-30,External SSD 1TB,Storage,North,127.64,1,127.64,28.13,99.51
ORD10004,2025-12-30,Laptop Stand,Accessories,East,24.72,4,98.88,38.94,59.94
ORD12664,2025-12-30,Laptop Stand,Accessories,North,20.59,1,20.59,8.75,11.84
